display_name,ValorBaixa,DtLancamento,IdFilial
Botafogo,"84,66",2025-12-02,2
Botafogo,"84,66",2025-12-05,2
Botafogo,"84,66",2025-12-05,2
Botafogo,"96,34",2025-12-06,2
Botafogo,"84,66",2025-12-06,2
Botafogo,"84,66",2025-12-06,2
Botafogo,"84,66",2025-12-08,2
Botafogo,"3.599,50",2025-12-08,2
Botafogo,"84,66",2025-12-08,2
Botafogo,"96,34",2025-12-09,2
Botafogo,"96,34",2025-12-09,2
Botafogo,"84,66",2025-12-09,2
Botafogo,"84,66",2025-12-09,2
Botafogo,"84,66",2025-12-09,2
Botafogo,"84,66",2025-12-10,2
Botafogo,"84,66",2025-12-10,2
Botafogo,"4,00",2025-12-10,2
Botafogo,"87,00",2025-12-10,2
Botafogo,"84,66",2025-12-10,2
Botafogo,"5,00",2025-12-10,2
Botafogo,"15,00",2025-12-10,2
Botafogo,"84,66",2025-12-10,2
Botafogo,"4,00",2025-12-10,2
Botafogo,"84,66",2025-12-10,2
Botafogo,"84,66",2025-12-11,2
Botafogo,"84,66",2025-12-11,2
Botafogo,"3.599,50",2025-12-10,2
Botafogo,"83,87",2025-12-10,2
Botafogo,"84,66",2025-12-11,2
Botafogo,"3,00",2025-12-11,2
Botafogo,"96,34",2025-12-12,2
Botafogo,"8,86",2025-12-12,2
Botafogo,"96,34",2025-12-12,2
Botafogo,"84,66",2025-12-12,2
Botafogo,"4,00",2025-12-12,2
Botafogo,"28,98",2025-12-12,2
Botafogo,"3,00",2025-12-12,2
Botafogo,"8,86",2025-12-12,2
Botafogo,"18,99",2025-12-12,2
Botafogo,"3.642,04",2025-12-15,2
Botafogo,"17,99",2025-12-15,2
Botafogo,"96,34",2025-12-15,2
Botafogo,"84,66",2025-12-15,2
Botafogo,"96,34",2025-12-16,2
Botafogo,"96,34",2025-12-16,2
Botafogo,"96,34",2025-12-16,2
Botafogo,"84,66",2025-12-16,2
Botafogo,"96,34",2025-12-16,2
Botafogo,"84,66",2025-12-16,2
Botafogo,"84,66",2025-12-16,2
Botafogo,"485,58",2025-12-16,2
Botafogo,"17,51",2025-12-16,2
Botafogo,"4,00",2025-12-16,2
Botafogo,"3.599,50",2025-12-16,2
Botafogo,"84,66",2025-12-16,2
Botafogo,"96,34",2025-12-16,2
Botafogo,"84,66",2025-12-16,2
Botafogo,"96,34",2025-12-16,2
Botafogo,"96,34",2025-12-17,2
Botafogo,"84,66",2025-12-17,2
Botafogo,"84,66",2025-12-17,2
Botafogo,"2,00",2025-12-18,2
Botafogo,"3,94",2025-12-18,2
Botafogo,"5,00",2025-12-18,2
Botafogo,"3,94",2025-12-18,2
Botafogo,"84,66",2025-12-18,2
Botafogo,"3,94",2025-12-18,2
Botafogo,"84,66",2025-12-18,2
Botafogo,"84,66",2025-12-18,2
Botafogo,"3.599,50",2025-12-18,2
Botafogo,"84,66",2025-12-19,2
Botafogo,"1,95",2025-12-19,2
Botafogo,"14,99",2025-12-19,2
Botafogo,"84,66",2025-12-19,2
Botafogo,"3,89",2025-12-19,2
Botafogo,"11,00",2025-12-19,2
Botafogo,"84,66",2025-12-19,2
Botafogo,"3.599,50",2025-12-19,2
Botafogo,"84,66",2025-12-19,2
Botafogo,"11,99",2025-12-20,2
Botafogo,"11,67",2025-12-20,2
Botafogo,"11,81",2025-12-20,2
Botafogo,"8,76",2025-12-26,2
Botafogo,"0,97",2025-12-26,2
Botafogo,"14,60",2025-12-27,2
Botafogo,"8,00",2025-12-27,2
Botafogo,"3,89",2025-12-27,2
Botafogo,"14,59",2025-12-27,2
Botafogo,"40,85",2025-12-28,2
Botafogo,"87,00",2025-12-29,2
Botafogo,"485,58",2025-12-29,2
Botafogo,"84,66",2025-12-29,2
Botafogo,"84,66",2025-12-29,2
Botafogo,"84,66",2025-12-29,2
Botafogo,"4,87",2025-12-29,2
Botafogo,"10,69",2025-12-29,2
Botafogo,"10,99",2025-12-29,2
Botafogo,"96,34",2025-12-30,2
Botafogo,"96,34",2025-12-30,2
Botafogo,"96,34",2025-12-30,2
Botafogo,"96,34",2025-12-30,2
Botafogo,"4,87",2025-12-30,2
Botafogo,"14,77",2025-12-30,2
Botafogo,"84,66",2025-12-22,2
Botafogo,"8,76",2025-12-22,2
Botafogo,"84,66",2025-12-22,2
Botafogo,"14,99",2025-12-22,2
Botafogo,"3,89",2025-12-23,2
Botafogo,"485,58",2025-12-23,2
Botafogo,"84,66",2025-12-23,2
Botafogo,"15,00",2025-12-23,2
Botafogo,"84,66",2025-12-23,2
Botafogo,"84,66",2025-12-23,2
Botafogo,"84,66",2025-12-23,2
Botafogo,"4,00",2025-12-23,2
Savassi,"0,97",2025-12-23,1
Botafogo,"96,34",2025-12-23,2
Savassi,"0,97",2025-12-23,1
Botafogo,"3,89",2025-12-24,2
Savassi,"84,66",2025-12-24,1
Botafogo,"3,89",2025-12-24,2
Botafogo,"0,97",2025-12-24,2
Botafogo,"4,00",2025-12-26,2
Botafogo,"3,89",2025-12-26,2
Botafogo,"3,94",2025-12-26,2
Botafogo,"96,34",2025-12-26,2
Savassi,"84,66",2025-12-26,1
Botafogo,"84,66",2025-12-26,2
Botafogo,"499,00",2025-12-26,2
Botafogo,"84,66",2025-12-13,2
Botafogo,"485,58",2025-12-13,2
Botafogo,"84,66",2025-12-13,2
Botafogo,"17,99",2025-12-13,2
Botafogo,"96,34",2025-12-13,2
Botafogo,"10,99",2025-12-13,2
Botafogo,"84,66",2025-12-14,2
Botafogo,"84,66",2025-12-14,2
Botafogo,"96,34",2025-12-15,2
Botafogo,"96,34",2025-12-15,2
Botafogo,"3,94",2025-12-15,2
Botafogo,"84,66",2025-12-08,2
Botafogo,"84,66",2025-12-09,2
Botafogo,"87,00",2025-12-10,2
Botafogo,"84,66",2025-12-10,2
Botafogo,"83,87",2025-12-10,2
Botafogo,"84,66",2025-12-11,2
Botafogo,"84,66",2025-12-11,2
Botafogo,"84,66",2025-12-15,2
Botafogo,"84,66",2025-12-12,2
Botafogo,"84,66",2025-12-12,2
Botafogo,"96,34",2025-12-12,2
Botafogo,"84,66",2025-12-13,2
Botafogo,"84,66",2025-12-13,2
Botafogo,"83,87",2025-12-17,2
Botafogo,"485,58",2025-12-20,2
Botafogo,"491,32",2025-12-26,2
Botafogo,"96,34",2026-01-02,2
Botafogo,"3,89",2026-01-02,2
Botafogo,"96,34",2026-01-02,2
Botafogo,"10,69",2026-01-02,2
Botafogo,"8,86",2026-01-02,2
Botafogo,"29,52",2026-01-02,2
Botafogo,"96,34",2026-01-03,2
Botafogo,"4,00",2026-01-04,2
Botafogo,"1,95",2026-01-05,2
Botafogo,"96,34",2026-01-05,2
Botafogo,"96,34",2026-01-05,2
Botafogo,"96,34",2026-01-05,2
Botafogo,"339,61",2026-01-06,2
Botafogo,"14,59",2026-01-06,2
Botafogo,"339,61",2026-01-06,2
Botafogo,"339,61",2026-01-06,2
Botafogo,"10,99",2026-01-06,2
Botafogo,"10,99",2026-01-06,2
Botafogo,"14,99",2026-01-06,2
Botafogo,"10,69",2026-01-06,2
Botafogo,"339,61",2026-01-06,2
Botafogo,"10,69",2026-01-06,2
Botafogo,"339,61",2026-01-07,2
Botafogo,"17,51",2026-01-07,2
Botafogo,"3,89",2026-01-07,2
Botafogo,"3,89",2026-01-07,2
Botafogo,"339,61",2026-01-07,2
Botafogo,"4,00",2026-01-07,2
Botafogo,"339,61",2026-01-07,2
Botafogo,"10,99",2026-01-07,2
Botafogo,"35,43",2026-01-07,2
Botafogo,"485,58",2026-01-07,2
Botafogo,"14,99",2026-01-07,2
Botafogo,"17,51",2026-01-08,2
Botafogo,"1,95",2026-01-08,2
Botafogo,"3,94",2026-01-09,2
Botafogo,"339,61",2026-01-09,2
Botafogo,"339,61",2026-01-09,2
Botafogo,"339,61",2026-01-09,2
Botafogo,"388,27",2026-01-09,2
Botafogo,"339,61",2026-01-09,2
Botafogo,"339,61",2026-01-09,2
Botafogo,"339,61",2026-01-09,2
Botafogo,"336,44",2026-01-09,2
Botafogo,"336,44",2026-01-09,2
Botafogo,"339,61",2026-01-09,2
Botafogo,"339,61",2026-01-09,2
Botafogo,"339,61",2026-01-09,2
Botafogo,"339,61",2026-01-09,2
Botafogo,"339,61",2026-01-09,2
Botafogo,"339,61",2026-01-09,2
Botafogo,"339,61",2026-01-09,2
Botafogo,"339,61",2026-01-09,2
Botafogo,"339,61",2026-01-09,2
Botafogo,"339,61",2026-01-09,2
Botafogo,"339,61",2026-01-09,2
Botafogo,"339,61",2026-01-09,2
Botafogo,"339,61",2026-01-09,2
Botafogo,"388,27",2026-01-09,2
Botafogo,"388,27",2026-01-09,2
Botafogo,"388,27",2026-01-09,2
Botafogo,"339,61",2026-01-09,2
Botafogo,"339,61",2026-01-09,2
Botafogo,"339,61",2026-01-09,2
Botafogo,"339,61",2026-01-09,2
Botafogo,"339,61",2026-01-09,2
Botafogo,"339,61",2026-01-09,2
Botafogo,"388,27",2026-01-09,2
Botafogo,"339,61",2026-01-09,2
Botafogo,"339,61",2026-01-09,2
Botafogo,"339,61",2026-01-09,2
Botafogo,"388,27",2026-01-09,2
Botafogo,"339,61",2026-01-09,2
Botafogo,"339,61",2026-01-09,2
Botafogo,"339,61",2026-01-09,2
Botafogo,"8,00",2026-01-09,2
Botafogo,"21,98",2026-01-09,2
Botafogo,"339,61",2026-01-09,2
Botafogo,"339,61",2026-01-10,2
Botafogo,"339,61",2026-01-10,2
Botafogo,"339,61",2026-01-10,2
Botafogo,"339,61",2026-01-10,2
Botafogo,"339,61",2026-01-10,2
Botafogo,"3,94",2026-01-05,2
Botafogo,"58,39",2026-01-09,2
Botafogo,"339,61",2026-01-11,2
Botafogo,"388,27",2026-01-11,2
Botafogo,"388,27",2026-01-11,2
Botafogo,"339,61",2026-01-11,2
Botafogo,"339,61",2026-01-11,2
Botafogo,"388,27",2026-01-11,2
Botafogo,"485,58",2026-01-11,2
Botafogo,"6,00",2026-01-11,2
Botafogo,"485,58",2026-01-11,2
Botafogo,"59,08",2026-01-11,2
Botafogo,"485,58",2026-01-11,2
Botafogo,"339,61",2026-01-12,2
Botafogo,"339,61",2026-01-12,2
Botafogo,"8,86",2026-01-12,2
Botafogo,"1,95",2026-01-12,2
Botafogo,"60,00",2026-01-12,2
Botafogo,"485,58",2026-01-12,2
Botafogo,"339,61",2026-01-13,2
Botafogo,"339,61",2026-01-13,2
Botafogo,"3,94",2026-01-13,2
Botafogo,"485,58",2026-01-13,2
Botafogo,"1,95",2026-01-13,2
Botafogo,"3,89",2026-01-13,2
Botafogo,"60,00",2026-01-13,2
Botafogo,"14,59",2026-01-13,2
Botafogo,"485,58",2026-01-13,2
Botafogo,"485,58",2026-01-13,2
Botafogo,"58,39",2026-01-13,2
Botafogo,"339,61",2026-01-14,2
Botafogo,"339,61",2026-01-14,2
Botafogo,"388,27",2026-01-15,2
Botafogo,"339,61",2026-01-15,2
Botafogo,"388,27",2026-01-15,2
Botafogo,"388,27",2026-01-15,2
Botafogo,"388,27",2026-01-15,2
Botafogo,"339,61",2026-01-15,2
Botafogo,"339,61",2026-01-15,2
Botafogo,"388,27",2026-01-15,2
Botafogo,"339,61",2026-01-15,2
Botafogo,"339,61",2026-01-15,2
Botafogo,"339,61",2026-01-15,2
Botafogo,"60,00",2026-01-15,2
Botafogo,"481,04",2026-01-15,2
Botafogo,"17,51",2026-01-15,2
Botafogo,"485,58",2026-01-15,2
Botafogo,"0,97",2026-01-15,2
Botafogo,"8,76",2026-01-16,2
Botafogo,"58,39",2026-01-16,2
Botafogo,"3,89",2026-01-16,2
Botafogo,"339,61",2026-01-16,2
Botafogo,"336,44",2026-01-16,2
Botafogo,"339,61",2026-01-16,2
Botafogo,"4,87",2026-01-16,2
Botafogo,"1,95",2026-01-16,2
Botafogo,"4,87",2026-01-16,2
Botafogo,"60,00",2026-01-16,2
Botafogo,"339,61",2026-01-16,2
Botafogo,"16,54",2026-01-16,2
Botafogo,"339,61",2026-01-16,2
Botafogo,"14,99",2026-01-16,2
Botafogo,"10,99",2026-01-16,2
Botafogo,"3,00",2026-01-16,2
Botafogo,"8,76",2026-01-16,2
Botafogo,"339,61",2026-01-17,2
Botafogo,"339,61",2026-01-17,2
Botafogo,"339,61",2026-01-17,2
Botafogo,"9,00",2026-01-18,2
Botafogo,"3,89",2026-01-19,2
Botafogo,"485,58",2026-01-19,2
Botafogo,"7,88",2026-01-19,2
Botafogo,"3,89",2026-01-19,2
Botafogo,"254,71",2026-01-19,2
Botafogo,"254,71",2026-01-19,2
Botafogo,"254,71",2026-01-19,2
Botafogo,"254,71",2026-01-19,2
Botafogo,"339,61",2026-01-19,2
Botafogo,"17,99",2026-01-19,2
Botafogo,"485,58",2026-01-19,2
Botafogo,"3,00",2026-01-20,2
Botafogo,"339,61",2026-01-20,2
Botafogo,"3,94",2026-01-20,2
Botafogo,"339,61",2026-01-20,2
Botafogo,"8,76",2026-01-21,2
Botafogo,"339,61",2026-01-21,2
Botafogo,"339,61",2026-01-21,2
Botafogo,"485,58",2026-01-21,2
Botafogo,"3,00",2026-01-21,2
Botafogo,"339,61",2026-01-21,2
Botafogo,"84,90",2026-01-21,2
Botafogo,"9,00",2026-01-21,2
Botafogo,"388,27",2026-01-22,2
Botafogo,"339,61",2026-01-22,2
Botafogo,"388,27",2026-01-22,2
Botafogo,"485,58",2026-01-22,2
Botafogo,"485,58",2026-01-22,2
Botafogo,"17,51",2026-01-22,2
Botafogo,"339,61",2026-01-22,2
Botafogo,"3,94",2026-01-22,2
Botafogo,"339,61",2026-01-23,2
Botafogo,"0,97",2026-01-23,2
Botafogo,"485,58",2026-01-23,2
Botafogo,"17,71",2026-01-23,2
Botafogo,"3,89",2026-01-23,2
Botafogo,"18,71",2026-01-23,2
Botafogo,"9,00",2026-01-23,2
Botafogo,"4,00",2026-01-23,2
Botafogo,"8,76",2026-01-14,2
Botafogo,"339,61",2026-01-14,2
Botafogo,"388,27",2026-01-14,2
Botafogo,"388,27",2026-01-14,2
Botafogo,"388,27",2026-01-14,2
Botafogo,"8,86",2026-01-14,2
Botafogo,"8,76",2026-01-14,2
Botafogo,"29,19",2026-01-14,2
Botafogo,"58,39",2026-01-17,2
Botafogo,"58,39",2026-01-17,2
Botafogo,"3,89",2026-01-17,2
Botafogo,"339,61",2026-01-18,2
Botafogo,"339,61",2026-01-18,2
Botafogo,"339,61",2026-01-24,2
Botafogo,"8,76",2026-01-26,2
Botafogo,"14,60",2026-01-26,2
Botafogo,"59,08",2026-01-26,2
Botafogo,"14,60",2026-01-26,2
Botafogo,"3,94",2026-01-26,2
Botafogo,"84,90",2026-01-27,2
Botafogo,"14,60",2026-01-27,2
Botafogo,"5,00",2026-01-27,2
Botafogo,"1,95",2026-01-27,2
Botafogo,"237,73",2026-01-27,2
Botafogo,"3,94",2026-01-27,2
Botafogo,"8,76",2026-01-27,2
Botafogo,"237,73",2026-01-27,2
Botafogo,"8,76",2026-01-27,2
Botafogo,"17,51",2026-01-27,2
Botafogo,"339,61",2026-01-27,2
Botafogo,"339,61",2026-01-28,2
Botafogo,"339,61",2026-01-28,2
Botafogo,"339,61",2026-01-28,2
Botafogo,"339,61",2026-01-28,2
Botafogo,"1,95",2026-01-28,2
Botafogo,"4,87",2026-01-29,2
Botafogo,"339,61",2026-01-29,2
Botafogo,"339,61",2026-01-29,2
Botafogo,"339,61",2026-01-29,2
Botafogo,"11,68",2026-01-24,2
Botafogo,"14,99",2026-01-24,2
Botafogo,"7,78",2026-01-24,2
Botafogo,"485,58",2026-01-24,2
Botafogo,"339,61",2026-01-25,2
Botafogo,"3,89",2026-01-25,2
Botafogo,"1,95",2026-01-25,2
Botafogo,"11,67",2026-01-25,2
Botafogo,"8,76",2026-01-25,2
Botafogo,"4,92",2026-01-29,2
Botafogo,"3,94",2026-01-29,2
Botafogo,"10,69",2026-01-29,2
Botafogo,"485,58",2026-01-29,2
Botafogo,"1,95",2026-01-30,2
Botafogo,"2,92",2026-01-30,2
Botafogo,"3,94",2026-01-30,2
Botafogo,"0,97",2026-01-30,2
Botafogo,"15,00",2026-01-30,2
Botafogo,"8,86",2026-01-30,2
Savassi,"0,97",2026-01-30,1
Botafogo,"3,94",2026-01-30,2
Botafogo,"339,61",2026-01-30,2
Botafogo,"339,61",2026-01-31,2
Botafogo,"7,88",2026-01-31,2
Botafogo,"58,39",2026-01-31,2
Botafogo,"3,89",2026-01-08,2
Botafogo,"485,58",2026-01-08,2
Botafogo,"4,00",2026-01-08,2
Botafogo,"9,73",2026-01-08,2
Botafogo,"3,94",2026-01-08,2
Botafogo,"10,99",2026-01-08,2
Botafogo,"485,58",2026-01-08,2
Botafogo,"96,34",2026-01-05,2
Botafogo,"485,58",2026-01-05,2
Botafogo,"339,61",2026-01-12,2
Botafogo,"339,61",2026-01-09,2
Botafogo,"339,61",2026-01-10,2
Botafogo,"339,61",2026-01-10,2
Botafogo,"388,27",2026-01-13,2
Botafogo,"339,61",2026-01-10,2
Botafogo,"339,61",2026-01-12,2
Botafogo,"339,61",2026-01-09,2
Botafogo,"388,27",2026-01-13,2
Botafogo,"339,61",2026-01-12,2
Botafogo,"339,61",2026-01-12,2
Botafogo,"339,61",2026-01-09,2
Botafogo,"11,57",2026-01-10,2
Botafogo,"485,58",2026-01-13,2
Botafogo,"3,00",2026-01-12,2
Botafogo,"10,99",2026-01-12,2
Botafogo,"14,99",2026-01-12,2
Botafogo,"339,61",2026-01-14,2
Botafogo,"399,00",2026-01-13,2
Botafogo,"388,27",2026-01-14,2
Botafogo,"22,98",2026-01-15,2
Botafogo,"388,27",2026-01-18,2
Botafogo,"392,86",2026-01-17,2
Botafogo,"485,58",2026-01-30,2
Botafogo,"339,61",2026-01-23,2
Botafogo,"339,61",2026-01-23,2
Botafogo,"339,61",2026-01-23,2
Botafogo,"3,89",2026-01-23,2
Botafogo,"8,76",2026-01-23,2
Botafogo,"339,61",2026-01-24,2
Botafogo,"349,00",2026-01-24,2
Botafogo,"339,61",2026-01-24,2
Botafogo,"388,27",2026-01-25,2
Botafogo,"339,61",2026-01-29,2
Botafogo,"349,00",2026-01-29,2
Botafogo,"339,61",2026-01-29,2
Botafogo,"485,58",2026-01-29,2
Botafogo,"8,76",2026-01-29,2
Botafogo,"14,77",2026-02-01,2
Botafogo,"339,61",2026-02-01,2
Botafogo,"339,61",2026-02-01,2
Botafogo,"8,76",2026-02-02,2
Botafogo,"15,00",2026-02-02,2
Botafogo,"339,61",2026-02-02,2
Botafogo,"3,00",2026-02-02,2
Botafogo,"4,82",2026-02-02,2
Botafogo,"3,89",2026-02-02,2
Botafogo,"2,92",2026-02-02,2
Botafogo,"2,92",2026-02-02,2
Botafogo,"8,76",2026-02-02,2
Botafogo,"3,89",2026-02-02,2
Botafogo,"3,89",2026-02-02,2
Botafogo,"3,89",2026-02-02,2
Botafogo,"10,69",2026-02-02,2
Botafogo,"15,00",2026-02-03,2
Botafogo,"3,00",2026-02-03,2
Botafogo,"84,90",2026-02-03,2
Botafogo,"3,89",2026-02-03,2
Botafogo,"18,70",2026-02-03,2
Botafogo,"24,00",2026-02-03,2
Botafogo,"339,61",2026-02-04,2
Botafogo,"339,61",2026-02-04,2
Botafogo,"339,61",2026-02-04,2
Botafogo,"10,69",2026-02-04,2
Botafogo,"8,86",2026-02-04,2
Botafogo,"0,97",2026-02-04,2
Botafogo,"2,92",2026-02-04,2
Botafogo,"339,61",2026-02-04,2
Botafogo,"0,97",2026-02-04,2
Botafogo,"8,76",2026-02-04,2
Botafogo,"84,90",2026-02-04,2
Botafogo,"7,78",2026-02-05,2
Botafogo,"339,61",2026-02-05,2
Botafogo,"339,61",2026-02-05,2
Botafogo,"339,61",2026-02-05,2
Botafogo,"339,61",2026-02-05,2
Botafogo,"339,61",2026-02-05,2
Botafogo,"339,61",2026-02-05,2
Botafogo,"14,77",2026-02-05,2
Botafogo,"2,92",2026-02-05,2
Botafogo,"8,76",2026-02-05,2
Botafogo,"17,34",2026-02-05,2
Botafogo,"3,89",2026-02-06,2
Botafogo,"9,00",2026-02-06,2
Botafogo,"339,61",2026-02-06,2
Botafogo,"339,61",2026-02-06,2
Botafogo,"339,61",2026-02-06,2
Botafogo,"485,58",2026-02-02,2
Botafogo,"0,97",2026-02-02,2
Botafogo,"4,00",2026-02-06,2
Botafogo,"3,89",2026-02-06,2
Botafogo,"29,53",2026-02-06,2
Botafogo,"10,82",2026-02-06,2
Botafogo,"17,51",2026-02-06,2
Botafogo,"0,97",2026-02-06,2
Botafogo,"7,78",2026-02-08,2
Botafogo,"4,87",2026-02-08,2
Botafogo,"4,87",2026-02-08,2
Botafogo,"1,95",2026-02-08,2
Botafogo,"58,39",2026-02-08,2
Botafogo,"339,61",2026-02-09,2
Botafogo,"339,61",2026-02-09,2
Botafogo,"339,61",2026-02-09,2
Botafogo,"388,27",2026-02-09,2
Botafogo,"339,61",2026-02-09,2
Botafogo,"339,61",2026-02-09,2
Botafogo,"339,61",2026-02-09,2
Botafogo,"336,44",2026-02-09,2
Botafogo,"336,44",2026-02-09,2
Botafogo,"339,61",2026-02-09,2
Botafogo,"339,61",2026-02-09,2
Botafogo,"339,61",2026-02-09,2
Botafogo,"339,61",2026-02-09,2
Botafogo,"339,61",2026-02-09,2
Botafogo,"339,61",2026-02-09,2
Botafogo,"339,61",2026-02-09,2
Botafogo,"339,61",2026-02-09,2
Botafogo,"339,61",2026-02-09,2
Botafogo,"339,61",2026-02-09,2
Botafogo,"339,61",2026-02-09,2
Botafogo,"339,61",2026-02-09,2
Botafogo,"339,61",2026-02-09,2
Botafogo,"339,61",2026-02-09,2
Botafogo,"339,61",2026-02-09,2
Botafogo,"388,27",2026-02-09,2
Botafogo,"388,27",2026-02-09,2
Botafogo,"388,27",2026-02-09,2
Botafogo,"339,61",2026-02-09,2
Botafogo,"388,27",2026-02-09,2
Botafogo,"388,27",2026-02-09,2
Botafogo,"339,61",2026-02-09,2
Botafogo,"339,61",2026-02-09,2
Botafogo,"339,61",2026-02-09,2
Botafogo,"339,61",2026-02-09,2
Botafogo,"388,27",2026-02-09,2
Botafogo,"339,61",2026-02-09,2
Botafogo,"339,61",2026-02-09,2
Botafogo,"339,61",2026-02-09,2
Botafogo,"388,27",2026-02-09,2
Botafogo,"339,61",2026-02-09,2
Botafogo,"339,61",2026-02-09,2
Botafogo,"339,61",2026-02-09,2
Botafogo,"339,61",2026-02-09,2
Botafogo,"17,52",2026-02-06,2
Botafogo,"2,92",2026-02-06,2
Botafogo,"0,97",2026-02-06,2
Botafogo,"0,97",2026-02-06,2
Botafogo,"14,99",2026-02-06,2
Botafogo,"17,99",2026-02-06,2
Botafogo,"339,61",2026-02-07,2
Botafogo,"339,61",2026-02-07,2
Botafogo,"7,78",2026-02-07,2
Botafogo,"339,61",2026-02-07,2
Botafogo,"2,92",2026-02-07,2
Botafogo,"339,61",2026-02-08,2
Botafogo,"339,61",2026-02-08,2
Botafogo,"0,97",2026-02-06,2
Botafogo,"1,95",2026-02-06,2
Botafogo,"87,25",2026-02-06,2
Botafogo,"499,00",2026-02-02,2
Botafogo,"3,94",2026-02-09,2
Botafogo,"485,58",2026-02-09,2
Botafogo,"14,59",2026-02-09,2
Botafogo,"3,94",2026-02-09,2
Botafogo,"339,61",2026-02-10,2
Botafogo,"339,61",2026-02-10,2
Botafogo,"485,58",2026-02-10,2
Botafogo,"339,61",2026-02-10,2
Botafogo,"485,58",2026-02-10,2
Botafogo,"116,77",2026-02-10,2
Botafogo,"87,25",2026-02-10,2
Botafogo,"3.599,50",2026-02-10,2
Botafogo,"10,69",2026-02-10,2
Botafogo,"237,73",2026-02-11,2
Botafogo,"339,61",2026-02-11,2
Botafogo,"388,27",2026-02-11,2
Botafogo,"388,27",2026-02-11,2
Botafogo,"339,61",2026-02-11,2
Botafogo,"339,61",2026-02-11,2
Botafogo,"388,27",2026-02-11,2
Botafogo,"2,92",2026-02-11,2
Botafogo,"2,92",2026-02-11,2
Botafogo,"2,92",2026-02-11,2
Botafogo,"10,69",2026-02-11,2
Botafogo,"8,86",2026-02-11,2
Botafogo,"10,99",2026-02-11,2
Botafogo,"3,94",2026-02-11,2
Botafogo,"1,95",2026-02-11,2
Botafogo,"5,00",2026-02-11,2
Botafogo,"10,99",2026-02-11,2
Botafogo,"339,61",2026-02-12,2
Botafogo,"339,61",2026-02-12,2
Botafogo,"485,58",2026-02-12,2
Botafogo,"2,95",2026-02-12,2
Botafogo,"2,92",2026-02-12,2
Botafogo,"2,92",2026-02-10,2
Botafogo,"5,84",2026-02-10,2
Botafogo,"3,94",2026-02-10,2
Botafogo,"6,00",2026-02-10,2
Botafogo,"339,61",2026-02-10,2
Botafogo,"2,92",2026-02-10,2
Botafogo,"2,95",2026-02-12,2
Botafogo,"8,86",2026-02-12,2
Botafogo,"6,00",2026-02-12,2
Botafogo,"9,00",2026-02-13,2
Botafogo,"4,92",2026-02-13,2
Botafogo,"339,61",2026-02-13,2
Botafogo,"339,61",2026-02-13,2
Botafogo,"339,61",2026-02-13,2
Botafogo,"339,61",2026-02-13,2
Botafogo,"58,39",2026-02-13,2
Botafogo,"17,99",2026-02-13,2
Botafogo,"58,39",2026-02-14,2
Botafogo,"485,58",2026-02-14,2
Botafogo,"388,27",2026-02-14,2
Botafogo,"388,27",2026-02-14,2
Botafogo,"339,61",2026-02-14,2
Botafogo,"17,51",2026-02-14,2
Botafogo,"388,27",2026-02-15,2
Botafogo,"388,27",2026-02-15,2
Botafogo,"388,27",2026-02-15,2
Botafogo,"339,61",2026-02-15,2
Botafogo,"388,27",2026-02-15,2
Botafogo,"339,61",2026-02-15,2
Botafogo,"339,61",2026-02-15,2
Botafogo,"339,61",2026-02-15,2
Botafogo,"339,61",2026-02-15,2
Botafogo,"10,69",2026-02-15,2
Botafogo,"10,69",2026-02-15,2
Botafogo,"3,94",2026-02-15,2
Botafogo,"1,95",2026-02-15,2
Botafogo,"339,61",2026-02-16,2
Botafogo,"336,44",2026-02-16,2
Botafogo,"339,61",2026-02-16,2
Botafogo,"0,97",2026-02-16,2
Botafogo,"339,61",2026-02-17,2
Botafogo,"339,61",2026-02-17,2
Botafogo,"339,61",2026-02-17,2
Botafogo,"339,61",2026-02-17,2
Botafogo,"339,61",2026-02-18,2
Botafogo,"339,61",2026-02-18,2
Botafogo,"485,58",2026-02-18,2
Botafogo,"339,61",2026-02-18,2
Botafogo,"0,97",2026-02-18,2
Botafogo,"10,99",2026-02-18,2
Botafogo,"59,08",2026-02-18,2
Botafogo,"66,95",2026-02-18,2
Botafogo,"0,97",2026-02-18,2
Botafogo,"339,61",2026-02-18,2
Botafogo,"339,61",2026-02-18,2
Botafogo,"343,63",2026-02-18,2
Botafogo,"485,58",2026-02-19,2
Botafogo,"339,61",2026-02-19,2
Botafogo,"339,61",2026-02-19,2
Botafogo,"4,92",2026-02-19,2
Botafogo,"7,88",2026-02-19,2
Botafogo,"790,48",2026-02-19,2
Botafogo,"336,44",2026-02-19,2
Botafogo,"15,00",2026-02-19,2
Botafogo,"339,61",2026-02-20,2
Botafogo,"339,61",2026-02-20,2
Botafogo,"485,58",2026-02-20,2
Botafogo,"339,61",2026-02-20,2
Botafogo,"339,61",2026-02-20,2
Botafogo,"2,92",2026-02-20,2
Botafogo,"17,99",2026-02-21,2
Botafogo,"58,39",2026-02-21,2
Botafogo,"28,17",2026-02-22,2
Botafogo,"28,13",2026-02-22,2
Botafogo,"28,13",2026-02-22,2
Botafogo,"28,13",2026-02-22,2
Botafogo,"28,13",2026-02-22,2
Botafogo,"28,13",2026-02-22,2
Botafogo,"28,13",2026-02-22,2
Botafogo,"28,13",2026-02-22,2
Botafogo,"28,13",2026-02-22,2
Botafogo,"28,13",2026-02-22,2
Botafogo,"28,13",2026-02-22,2
Botafogo,"28,17",2026-02-22,2
Botafogo,"388,27",2026-02-22,2
Botafogo,"485,58",2026-02-22,2
Botafogo,"339,61",2026-02-22,2
Botafogo,"339,61",2026-02-22,2
Botafogo,"339,61",2026-02-22,2
Botafogo,"339,61",2026-02-22,2
Botafogo,"339,61",2026-02-22,2
Botafogo,"388,27",2026-02-22,2
Botafogo,"58,39",2026-02-21,2
Botafogo,"339,61",2026-02-21,2
Botafogo,"339,61",2026-02-21,2
Botafogo,"485,58",2026-02-21,2
Botafogo,"485,58",2026-02-21,2
Botafogo,"58,39",2026-02-22,2
Botafogo,"339,61",2026-02-23,2
Botafogo,"339,61",2026-02-23,2
Botafogo,"339,61",2026-02-23,2
Botafogo,"499,00",2026-02-23,2
Botafogo,"339,61",2026-02-23,2
Botafogo,"43,76",2026-02-20,2
Botafogo,"0,97",2026-02-20,2
Botafogo,"10,99",2026-02-23,2
Botafogo,"14,99",2026-02-23,2
Botafogo,"7,88",2026-02-23,2
Botafogo,"3,89",2026-02-23,2
Botafogo,"339,61",2026-02-23,2
Botafogo,"339,61",2026-02-24,2
Botafogo,"59,08",2026-02-24,2
Botafogo,"14,60",2026-02-24,2
Botafogo,"485,58",2026-02-24,2
Botafogo,"3,89",2026-02-24,2
Botafogo,"8,86",2026-02-24,2
Botafogo,"8,76",2026-02-25,2
Botafogo,"339,61",2026-02-25,2
Botafogo,"339,61",2026-02-25,2
Botafogo,"59,08",2026-02-25,2
Botafogo,"10,99",2026-02-25,2
Botafogo,"84,11",2026-02-25,2
Botafogo,"84,90",2026-02-25,2
Botafogo,"7,88",2026-02-24,2
Botafogo,"17,99",2026-02-25,2
Botafogo,"339,61",2026-02-26,2
Botafogo,"339,61",2026-02-26,2
Botafogo,"339,61",2026-02-26,2
Botafogo,"339,61",2026-02-26,2
Botafogo,"339,61",2026-02-26,2
Botafogo,"2,92",2026-02-26,2
Botafogo,"14,60",2026-02-26,2
Botafogo,"2,00",2026-02-26,2
Botafogo,"7,78",2026-02-27,2
Botafogo,"58,39",2026-02-27,2
Botafogo,"339,61",2026-02-27,2
Botafogo,"339,61",2026-02-27,2
Botafogo,"339,61",2026-02-27,2
Botafogo,"339,61",2026-02-27,2
Botafogo,"339,61",2026-02-27,2
Botafogo,"339,61",2026-02-27,2
Botafogo,"339,61",2026-02-27,2
Botafogo,"485,58",2026-02-27,2
Botafogo,"485,58",2026-02-27,2
Botafogo,"339,61",2026-02-27,2
Botafogo,"339,61",2026-02-27,2
Botafogo,"339,61",2026-02-27,2
Botafogo,"18,48",2026-02-27,2
Botafogo,"336,44",2026-02-27,2
Botafogo,"3,89",2026-02-27,2
Botafogo,"7,88",2026-02-27,2
Botafogo,"58,39",2026-02-28,2
Botafogo,"58,39",2026-02-28,2
Botafogo,"485,58",2026-02-28,2
Botafogo,"8,76",2026-02-02,2
Botafogo,"485,58",2026-02-02,2
Botafogo,"10,69",2026-02-02,2
Botafogo,"10,69",2026-02-02,2
Botafogo,"339,61",2026-02-06,2
Botafogo,"485,58",2026-02-05,2
Botafogo,"17,99",2026-02-06,2
Botafogo,"84,90",2026-02-06,2
Botafogo,"485,58",2026-02-08,2
Botafogo,"339,61",2026-02-09,2
Botafogo,"339,61",2026-02-19,2
Botafogo,"339,61",2026-02-09,2
Botafogo,"339,61",2026-02-12,2
Botafogo,"339,61",2026-02-09,2
Botafogo,"339,61",2026-02-11,2
Botafogo,"339,61",2026-02-11,2
Botafogo,"84,90",2026-02-10,2
Botafogo,"84,90",2026-02-10,2
Botafogo,"84,90",2026-02-10,2
Botafogo,"485,58",2026-02-11,2
Botafogo,"485,58",2026-02-12,2
Botafogo,"388,27",2026-02-12,2
Botafogo,"388,27",2026-02-12,2
Botafogo,"84,90",2026-02-13,2
Botafogo,"388,27",2026-02-15,2
Botafogo,"388,27",2026-02-23,2
Botafogo,"339,61",2026-02-17,2
Botafogo,"261,75",2026-02-18,2
Botafogo,"261,75",2026-02-18,2
Botafogo,"261,75",2026-02-18,2
Botafogo,"261,75",2026-02-18,2
Botafogo,"339,61",2026-02-19,2
Botafogo,"339,61",2026-02-20,2
Botafogo,"339,61",2026-02-21,2
Botafogo,"84,90",2026-02-20,2
Botafogo,"388,27",2026-02-22,2
Botafogo,"339,61",2026-02-24,2
Botafogo,"339,61",2026-02-24,2
Botafogo,"499,00",2026-02-23,2
Botafogo,"84,90",2026-02-23,2
Botafogo,"485,58",2026-02-24,2
Botafogo,"388,27",2026-02-26,2
Botafogo,"491,32",2026-02-25,2
Botafogo,"339,61",2026-02-27,2
Botafogo,"84,90",2026-02-25,2
Botafogo,"340,58",2026-02-26,2
Botafogo,"349,00",2026-02-28,2
Botafogo,"84,90",2026-02-28,2
Botafogo,"339,61",2026-03-01,2
Botafogo,"485,58",2026-03-01,2
Botafogo,"7,78",2026-03-01,2
Botafogo,"58,39",2026-03-01,2
Botafogo,"339,61",2026-03-02,2
Botafogo,"339,61",2026-03-02,2
Botafogo,"339,61",2026-03-02,2
Botafogo,"7,78",2026-03-02,2
Botafogo,"339,61",2026-03-02,2
Botafogo,"84,90",2026-03-02,2
Botafogo,"339,61",2026-03-02,2
Botafogo,"60,00",2026-03-02,2
Botafogo,"339,61",2026-03-02,2
Botafogo,"8,76",2026-03-02,2
Botafogo,"339,61",2026-03-02,2
Botafogo,"339,61",2026-03-02,2
Botafogo,"5,00",2026-03-03,2
Botafogo,"339,61",2026-03-03,2
Botafogo,"339,61",2026-03-03,2
Botafogo,"339,61",2026-03-03,2
Botafogo,"3,00",2026-03-03,2
Botafogo,"3,00",2026-03-03,2
Botafogo,"339,61",2026-03-03,2
Savassi,"3.820,39",2026-03-03,1
Botafogo,"23,35",2026-03-04,2
Botafogo,"339,61",2026-03-04,2
Botafogo,"339,61",2026-03-04,2
Botafogo,"339,61",2026-03-04,2
Botafogo,"14,60",2026-03-04,2
Botafogo,"2,95",2026-03-04,2
Botafogo,"9,00",2026-03-04,2
Botafogo,"1,95",2026-03-04,2
Botafogo,"3,00",2026-03-04,2
Botafogo,"3,00",2026-03-04,2
Botafogo,"8,76",2026-03-04,2
Botafogo,"8,76",2026-03-04,2
Botafogo,"16,00",2026-03-04,2
Botafogo,"339,61",2026-03-04,2
Botafogo,"339,61",2026-03-05,2
Botafogo,"339,61",2026-03-05,2
Botafogo,"339,61",2026-03-05,2
Botafogo,"339,61",2026-03-05,2
Botafogo,"339,61",2026-03-05,2
Botafogo,"197,13",2026-03-05,2
Botafogo,"197,13",2026-03-05,2
Botafogo,"165,41",2026-03-05,2
Botafogo,"480,00",2026-03-05,2
Botafogo,"2,92",2026-03-05,2
Botafogo,"1,00",2026-03-05,2
Botafogo,"8,76",2026-03-05,2
Botafogo,"9,00",2026-03-06,2
Botafogo,"339,61",2026-03-06,2
Botafogo,"339,61",2026-03-06,2
Botafogo,"339,61",2026-03-06,2
Botafogo,"3,89",2026-03-06,2
Botafogo,"3,89",2026-03-06,2
Botafogo,"275,69",2026-03-06,2
Botafogo,"8,86",2026-03-06,2
Botafogo,"3,00",2026-03-06,2
Botafogo,"3,94",2026-03-07,2
Botafogo,"339,61",2026-03-07,2
Botafogo,"339,61",2026-03-07,2
Botafogo,"7,78",2026-03-07,2
Botafogo,"7,88",2026-03-08,2
Botafogo,"339,61",2026-03-08,2
Botafogo,"339,61",2026-03-08,2
Botafogo,"485,58",2026-03-08,2
Botafogo,"84,90",2026-03-08,2
Botafogo,"17,71",2026-03-08,2
Botafogo,"14,59",2026-03-08,2
Botafogo,"7,78",2026-03-08,2
Botafogo,"3,94",2026-03-09,2
Botafogo,"339,61",2026-03-09,2
Botafogo,"339,61",2026-03-09,2
Botafogo,"339,61",2026-03-09,2
Botafogo,"339,61",2026-03-09,2
Botafogo,"339,61",2026-03-09,2
Botafogo,"339,61",2026-03-09,2
Botafogo,"339,61",2026-03-09,2
Botafogo,"336,44",2026-03-09,2
Botafogo,"336,44",2026-03-09,2
Botafogo,"339,61",2026-03-09,2
Botafogo,"339,61",2026-03-09,2
Botafogo,"339,61",2026-03-09,2
Botafogo,"339,61",2026-03-09,2
Botafogo,"339,61",2026-03-09,2
Botafogo,"339,61",2026-03-09,2
Botafogo,"339,61",2026-03-09,2
Botafogo,"339,61",2026-03-09,2
Botafogo,"339,61",2026-03-09,2
Botafogo,"339,61",2026-03-09,2
Botafogo,"339,61",2026-03-09,2
Botafogo,"339,61",2026-03-09,2
Botafogo,"339,61",2026-03-09,2
Botafogo,"339,61",2026-03-09,2
Botafogo,"339,61",2026-03-09,2
Botafogo,"339,61",2026-03-09,2
Botafogo,"339,61",2026-03-09,2
Botafogo,"388,27",2026-03-09,2
Botafogo,"388,27",2026-03-09,2
Botafogo,"339,61",2026-03-09,2
Botafogo,"339,61",2026-03-09,2
Botafogo,"339,61",2026-03-09,2
Botafogo,"388,27",2026-03-09,2
Botafogo,"388,27",2026-03-09,2
Botafogo,"339,61",2026-03-09,2
Botafogo,"339,61",2026-03-09,2
Botafogo,"339,61",2026-03-09,2
Botafogo,"339,61",2026-03-09,2
Botafogo,"388,27",2026-03-09,2
Botafogo,"339,61",2026-03-09,2
Botafogo,"339,61",2026-03-09,2
Botafogo,"339,61",2026-03-09,2
Botafogo,"339,61",2026-03-09,2
Botafogo,"339,61",2026-03-09,2
Botafogo,"339,61",2026-03-09,2
Botafogo,"339,61",2026-03-09,2
Botafogo,"3.699,00",2026-03-09,2
Botafogo,"14,59",2026-03-06,2
Botafogo,"10,69",2026-03-06,2
Botafogo,"34,04",2026-03-06,2
Botafogo,"5,84",2026-03-03,2
Botafogo,"7,78",2026-03-09,2
Botafogo,"14,59",2026-03-09,2
Botafogo,"8,86",2026-03-09,2
Botafogo,"18,70",2026-03-09,2
Botafogo,"3.599,50",2026-03-09,2
Botafogo,"3.599,50",2026-03-09,2
Botafogo,"5,84",2026-03-10,2
Botafogo,"8,76",2026-03-11,2
Botafogo,"388,27",2026-03-11,2
Botafogo,"388,27",2026-03-11,2
Botafogo,"339,61",2026-03-11,2
Botafogo,"339,61",2026-03-11,2
Botafogo,"388,27",2026-03-11,2
Botafogo,"485,58",2026-03-11,2
Botafogo,"388,27",2026-03-11,2
Botafogo,"388,27",2026-03-11,2
Botafogo,"1,95",2026-03-10,2
Botafogo,"7,78",2026-03-10,2
Botafogo,"339,61",2026-03-10,2
Botafogo,"339,61",2026-03-10,2
Botafogo,"339,61",2026-03-10,2
Botafogo,"339,61",2026-03-10,2
Botafogo,"485,58",2026-03-10,2
Botafogo,"3,94",2026-03-10,2
Botafogo,"2,95",2026-03-10,2
Botafogo,"14,76",2026-03-11,2
Botafogo,"2,92",2026-03-11,2
Botafogo,"4,87",2026-03-11,2
Botafogo,"8,86",2026-03-11,2
Botafogo,"241,23",2026-03-11,2
Botafogo,"4,92",2026-03-11,2
Botafogo,"25,00",2026-03-10,2
Botafogo,"3,94",2026-03-10,2
Botafogo,"5,91",2026-03-10,2
Botafogo,"339,61",2026-03-10,2
Botafogo,"17,99",2026-03-10,2
Botafogo,"2,92",2026-03-10,2
Botafogo,"15,00",2026-03-09,2
Botafogo,"339,61",2026-03-12,2
Botafogo,"339,61",2026-03-12,2
Botafogo,"339,61",2026-03-12,2
Botafogo,"339,61",2026-03-12,2
Botafogo,"3,89",2026-03-12,2
Botafogo,"8,76",2026-03-12,2
Botafogo,"339,61",2026-03-13,2
Botafogo,"339,61",2026-03-13,2
Botafogo,"339,61",2026-03-13,2
Botafogo,"339,61",2026-03-13,2
Botafogo,"6,89",2026-03-12,2
Botafogo,"2,95",2026-03-12,2
Botafogo,"5,84",2026-03-13,2
Savassi,"20,00",2026-03-13,1
Botafogo,"2,95",2026-03-13,2
Botafogo,"58,39",2026-03-13,2
Botafogo,"4,00",2026-03-13,2
Savassi,"10,00",2026-03-13,1
Botafogo,"60,00",2026-03-13,2
Botafogo,"17,72",2026-03-13,2
Botafogo,"3,00",2026-03-13,2
Botafogo,"58,39",2026-03-14,2
Botafogo,"388,27",2026-03-14,2
Botafogo,"339,61",2026-03-14,2
Botafogo,"58,39",2026-03-14,2
Botafogo,"15,57",2026-03-14,2
Botafogo,"3,94",2026-03-14,2
Botafogo,"7,78",2026-03-14,2
Botafogo,"7,78",2026-03-14,2
Botafogo,"388,27",2026-03-15,2
Botafogo,"388,27",2026-03-15,2
Botafogo,"388,27",2026-03-15,2
Botafogo,"388,27",2026-03-15,2
Botafogo,"388,27",2026-03-15,2
Botafogo,"339,61",2026-03-15,2
Botafogo,"339,61",2026-03-15,2
Botafogo,"388,27",2026-03-15,2
Botafogo,"339,61",2026-03-15,2
Botafogo,"339,61",2026-03-15,2
Botafogo,"14,77",2026-03-15,2
Botafogo,"84,90",2026-03-15,2
Botafogo,"14,60",2026-03-15,2
Botafogo,"58,39",2026-03-15,2
Botafogo,"485,58",2026-03-15,2
Botafogo,"95,17",2026-03-16,2
Botafogo,"95,17",2026-03-16,2
Botafogo,"95,17",2026-03-16,2
Botafogo,"339,61",2026-03-16,2
Botafogo,"336,44",2026-03-16,2
Botafogo,"339,61",2026-03-16,2
Botafogo,"84,90",2026-03-16,2
Botafogo,"58,39",2026-03-16,2
Botafogo,"84,90",2026-03-16,2
Botafogo,"339,61",2026-03-16,2
Botafogo,"339,61",2026-03-17,2
Botafogo,"339,61",2026-03-17,2
Botafogo,"339,61",2026-03-17,2
Botafogo,"339,61",2026-03-17,2
Botafogo,"339,61",2026-03-17,2
Botafogo,"8,71",2026-03-17,2
Botafogo,"8,71",2026-03-17,2
Botafogo,"8,71",2026-03-17,2
Botafogo,"8,71",2026-03-17,2
Botafogo,"8,71",2026-03-17,2
Botafogo,"8,71",2026-03-17,2
Botafogo,"8,71",2026-03-17,2
Botafogo,"31,92",2026-03-17,2
Botafogo,"31,92",2026-03-17,2
Botafogo,"31,92",2026-03-17,2
Botafogo,"31,92",2026-03-17,2
Botafogo,"31,92",2026-03-17,2
Botafogo,"31,92",2026-03-17,2
Botafogo,"31,92",2026-03-17,2
Botafogo,"8,86",2026-03-17,2
Botafogo,"7,88",2026-03-17,2
Botafogo,"15,00",2026-03-17,2
Botafogo,"8,76",2026-03-18,2
Botafogo,"336,44",2026-03-18,2
Botafogo,"339,61",2026-03-18,2
Botafogo,"339,61",2026-03-18,2
Botafogo,"485,58",2026-03-18,2
Botafogo,"339,61",2026-03-18,2
Botafogo,"87,25",2026-03-18,2
Botafogo,"10,99",2026-03-16,2
Botafogo,"14,60",2026-03-17,2
Botafogo,"3,89",2026-03-17,2
Botafogo,"4,00",2026-03-18,2
Botafogo,"485,58",2026-03-19,2
Botafogo,"339,61",2026-03-19,2
Botafogo,"339,61",2026-03-19,2
Botafogo,"339,61",2026-03-19,2
Botafogo,"339,61",2026-03-19,2
Botafogo,"339,61",2026-03-19,2
Botafogo,"14,76",2026-03-19,2
Botafogo,"8,76",2026-03-19,2
Botafogo,"10,99",2026-03-19,2
Botafogo,"1,97",2026-03-19,2
Botafogo,"429,14",2026-03-20,2
Savassi,"485,58",2026-03-20,1
Botafogo,"17,51",2026-03-20,2
Botafogo,"5,00",2026-03-20,2
Botafogo,"58,39",2026-03-21,2
Botafogo,"339,61",2026-03-21,2
Botafogo,"339,61",2026-03-21,2
Botafogo,"485,58",2026-03-21,2
Botafogo,"485,58",2026-03-21,2
Botafogo,"339,61",2026-03-21,2
Botafogo,"12,65",2026-03-21,2
Botafogo,"7,78",2026-03-21,2
Botafogo,"17,51",2026-03-21,2
Botafogo,"388,27",2026-03-22,2
Botafogo,"339,61",2026-03-22,2
Botafogo,"339,61",2026-03-22,2
Botafogo,"339,61",2026-03-22,2
Botafogo,"339,61",2026-03-22,2
Botafogo,"339,61",2026-03-22,2
Botafogo,"339,61",2026-03-22,2
Botafogo,"339,61",2026-03-22,2
Botafogo,"388,27",2026-03-22,2
Botafogo,"12,80",2026-03-19,2
Botafogo,"9,00",2026-03-20,2
Botafogo,"485,58",2026-03-20,2
Botafogo,"339,61",2026-03-20,2
Botafogo,"339,61",2026-03-20,2
Botafogo,"14,99",2026-03-20,2
Savassi,"0,97",2026-03-23,1
Botafogo,"388,27",2026-03-23,2
Botafogo,"339,61",2026-03-23,2
Botafogo,"339,61",2026-03-23,2
Botafogo,"339,61",2026-03-23,2
Botafogo,"339,61",2026-03-23,2
Savassi,"84,66",2026-03-23,1
Savassi,"7,78",2026-03-23,1
Botafogo,"9,00",2026-03-23,2
Savassi,"0,97",2026-03-23,1
Botafogo,"84,90",2026-03-23,2
Botafogo,"339,61",2026-03-23,2
Savassi,"0,97",2026-03-23,1
Savassi,"4,87",2026-03-23,1
Botafogo,"3,89",2026-03-23,2
Savassi,"84,66",2026-03-23,1
Botafogo,"3,89",2026-03-23,2
Botafogo,"388,27",2026-03-24,2
Botafogo,"339,61",2026-03-24,2
Botafogo,"336,44",2026-03-24,2
Botafogo,"339,61",2026-03-24,2
Botafogo,"339,61",2026-03-24,2
Botafogo,"485,58",2026-03-24,2
Botafogo,"485,58",2026-03-24,2
Botafogo,"1,95",2026-03-24,2
Botafogo,"8,76",2026-03-24,2
Savassi,"0,97",2026-03-24,1
Botafogo,"17,51",2026-03-24,2
Savassi,"0,97",2026-03-24,1
Botafogo,"463,20",2026-03-24,2
Botafogo,"339,61",2026-03-25,2
Botafogo,"388,27",2026-03-25,2
Botafogo,"339,61",2026-03-25,2
Botafogo,"8,76",2026-03-25,2
Savassi,"0,97",2026-03-25,1
Botafogo,"499,00",2026-03-25,2
Botafogo,"10,99",2026-03-25,2
Savassi,"19,00",2026-03-25,1
Botafogo,"8,76",2026-03-25,2
Botafogo,"17,99",2026-03-25,2
Botafogo,"242,29",2026-03-25,2
Botafogo,"242,29",2026-03-25,2
Savassi,"6,00",2026-03-25,1
Botafogo,"339,61",2026-03-26,2
Botafogo,"339,61",2026-03-26,2
Botafogo,"339,61",2026-03-26,2
Savassi,"1,95",2026-03-26,1
Savassi,"5,00",2026-03-26,1
Savassi,"3,00",2026-03-26,1
Botafogo,"8,76",2026-03-26,2
Botafogo,"10,69",2026-03-26,2
Savassi,"2,92",2026-03-26,1
Savassi,"2,92",2026-03-26,1
Savassi,"6,00",2026-03-26,1
Botafogo,"14,59",2026-03-26,2
Botafogo,"17,51",2026-03-27,2
Botafogo,"17,51",2026-03-27,2
Savassi,"0,97",2026-03-27,1
Savassi,"70,00",2026-03-27,1
Botafogo,"339,61",2026-03-27,2
Botafogo,"339,61",2026-03-27,2
Botafogo,"339,61",2026-03-27,2
Botafogo,"339,61",2026-03-27,2
Botafogo,"339,61",2026-03-27,2
Botafogo,"339,61",2026-03-27,2
Botafogo,"485,58",2026-03-27,2
Botafogo,"485,58",2026-03-27,2
Botafogo,"339,61",2026-03-27,2
Botafogo,"339,61",2026-03-27,2
Botafogo,"485,58",2026-03-27,2
Botafogo,"339,61",2026-03-27,2
Botafogo,"339,61",2026-03-27,2
Savassi,"10,69",2026-03-27,1
Savassi,"3,00",2026-03-27,1
Savassi,"3,89",2026-03-27,1
Botafogo,"3,00",2026-03-27,2
Savassi,"5,00",2026-03-27,1
Botafogo,"84,90",2026-03-27,2
Botafogo,"84,90",2026-03-27,2
Botafogo,"11,99",2026-03-27,2
Savassi,"0,97",2026-03-27,1
Savassi,"0,97",2026-03-27,1
Savassi,"0,97",2026-03-27,1
Savassi,"0,97",2026-03-27,1
Savassi,"0,97",2026-03-27,1
Savassi,"0,97",2026-03-27,1
Savassi,"9,00",2026-03-28,1
Savassi,"3,89",2026-03-28,1
Savassi,"485,58",2026-03-28,1
Savassi,"0,97",2026-03-28,1
Botafogo,"8,76",2026-03-28,2
Botafogo,"60,00",2026-03-28,2
Botafogo,"8,76",2026-03-29,2
Savassi,"0,97",2026-03-29,1
Savassi,"0,97",2026-03-27,1
Botafogo,"4,92",2026-03-28,2
Botafogo,"7,78",2026-03-28,2
Savassi,"0,97",2026-03-28,1
Savassi,"0,97",2026-03-28,1
Savassi,"0,97",2026-03-28,1
Savassi,"0,97",2026-03-29,1
Savassi,"0,97",2026-03-29,1
Savassi,"0,96",2026-03-29,1
Savassi,"3.599,50",2026-03-29,1
Botafogo,"3,94",2026-03-29,2
Savassi,"0,97",2026-03-29,1
Savassi,"0,97",2026-03-29,1
Savassi,"0,97",2026-03-29,1
Botafogo,"7,78",2026-03-29,2
Savassi,"0,97",2026-03-29,1
Savassi,"1,00",2026-03-29,1
Savassi,"0,97",2026-03-29,1
Savassi,"0,97",2026-03-29,1
Savassi,"0,97",2026-03-29,1
Botafogo,"60,00",2026-03-29,2
Botafogo,"4,92",2026-03-30,2
Botafogo,"4,92",2026-03-30,2
Botafogo,"4,92",2026-03-30,2
Botafogo,"485,58",2026-03-30,2
Botafogo,"4,00",2026-03-30,2
Savassi,"84,66",2026-03-31,1
Savassi,"84,66",2026-03-31,1
Savassi,"84,66",2026-03-31,1
Savassi,"84,66",2026-03-31,1
Savassi,"84,66",2026-03-31,1
Savassi,"84,66",2026-03-31,1
Savassi,"84,66",2026-03-31,1
Savassi,"84,66",2026-03-31,1
Savassi,"84,66",2026-03-31,1
Savassi,"84,66",2026-03-31,1
Savassi,"84,66",2026-03-31,1
Savassi,"84,66",2026-03-31,1
Savassi,"84,66",2026-03-31,1
Savassi,"84,66",2026-03-31,1
Savassi,"1,95",2026-03-30,1
Botafogo,"285,50",2026-03-31,2
Botafogo,"285,50",2026-03-31,2
Botafogo,"285,50",2026-03-31,2
Savassi,"6,00",2026-03-31,1
Savassi,"3.699,00",2026-03-31,1
Botafogo,"3,94",2026-03-31,2
Savassi,"3,89",2026-03-31,1
Savassi,"3.599,50",2026-03-31,1
Savassi,"1,95",2026-03-31,1
Savassi,"2,92",2026-03-31,1
Botafogo,"84,90",2026-03-31,2
Savassi,"84,66",2026-03-31,1
Savassi,"84,66",2026-03-31,1
Botafogo,"339,61",2026-03-11,2
Botafogo,"339,61",2026-03-02,2
Botafogo,"84,90",2026-03-02,2
Botafogo,"84,90",2026-03-02,2
Botafogo,"305,65",2026-03-02,2
Botafogo,"84,90",2026-03-02,2
Botafogo,"485,58",2026-03-03,2
Botafogo,"84,90",2026-03-03,2
Botafogo,"60,00",2026-03-03,2
Botafogo,"60,00",2026-03-03,2
Botafogo,"349,00",2026-03-06,2
Botafogo,"271,69",2026-03-04,2
Botafogo,"15,75",2026-03-04,2
Botafogo,"349,00",2026-03-12,2
Botafogo,"485,58",2026-03-06,2
Botafogo,"8,00",2026-03-06,2
Botafogo,"84,90",2026-03-06,2
Botafogo,"3.565,84",2026-03-06,2
Botafogo,"339,61",2026-03-09,2
Botafogo,"349,00",2026-03-09,2
Botafogo,"485,58",2026-03-08,2
Botafogo,"339,61",2026-03-11,2
Botafogo,"339,61",2026-03-11,2
Botafogo,"339,61",2026-03-09,2
Botafogo,"84,90",2026-03-09,2
Botafogo,"5,91",2026-03-09,2
Botafogo,"339,61",2026-03-09,2
Botafogo,"12,00",2026-03-10,2
Botafogo,"84,90",2026-03-10,2
Botafogo,"305,65",2026-03-10,2
Botafogo,"485,58",2026-03-11,2
Botafogo,"339,61",2026-03-12,2
Botafogo,"388,27",2026-03-11,2
Botafogo,"349,00",2026-03-12,2
Botafogo,"349,00",2026-03-12,2
Savassi,"84,66",2026-03-11,1
Savassi,"84,66",2026-03-11,1
Botafogo,"84,90",2026-03-11,2
Savassi,"84,66",2026-03-11,1
Botafogo,"84,90",2026-03-11,2
Botafogo,"339,61",2026-03-12,2
Botafogo,"339,61",2026-03-12,2
Botafogo,"499,00",2026-03-13,2
Botafogo,"485,58",2026-03-12,2
Savassi,"84,66",2026-03-12,1
Botafogo,"269,15",2026-03-12,2
Botafogo,"271,69",2026-03-12,2
Botafogo,"437,02",2026-03-12,2
Botafogo,"339,61",2026-03-13,2
Botafogo,"339,61",2026-03-12,2
Botafogo,"339,61",2026-03-12,2
Botafogo,"84,90",2026-03-12,2
Botafogo,"499,00",2026-03-18,2
Savassi,"84,66",2026-03-13,1
Botafogo,"84,90",2026-03-13,2
Savassi,"84,66",2026-03-13,1
Botafogo,"388,27",2026-03-15,2
Botafogo,"485,58",2026-03-17,2
Botafogo,"399,00",2026-03-15,2
Savassi,"84,66",2026-03-14,1
Botafogo,"349,00",2026-03-16,2
Botafogo,"349,00",2026-03-16,2
Botafogo,"349,00",2026-03-16,2
Botafogo,"388,27",2026-03-15,2
Botafogo,"349,00",2026-03-17,2
Botafogo,"349,00",2026-03-17,2
Savassi,"84,66",2026-03-16,1
Botafogo,"271,69",2026-03-16,2
Botafogo,"271,69",2026-03-16,2
Botafogo,"388,27",2026-03-16,2
Botafogo,"339,61",2026-03-18,2
Botafogo,"339,61",2026-03-17,2
Botafogo,"349,00",2026-03-18,2
Botafogo,"349,00",2026-03-18,2
Botafogo,"261,75",2026-03-18,2
Botafogo,"261,75",2026-03-18,2
Botafogo,"261,75",2026-03-18,2
Botafogo,"261,75",2026-03-18,2
Botafogo,"349,00",2026-03-19,2
Botafogo,"84,90",2026-03-18,2
Botafogo,"339,61",2026-03-19,2
Botafogo,"499,00",2026-03-19,2
Botafogo,"349,00",2026-03-19,2
Botafogo,"2,95",2026-03-19,2
Botafogo,"10,69",2026-03-19,2
Botafogo,"349,00",2026-03-20,2
Botafogo,"349,00",2026-03-20,2
Botafogo,"485,58",2026-03-22,2
Savassi,"85,50",2026-03-19,1
Savassi,"84,66",2026-03-19,1
Savassi,"485,58",2026-03-19,1
Savassi,"84,66",2026-03-19,1
Botafogo,"14,59",2026-03-20,2
Botafogo,"349,00",2026-03-22,2
Botafogo,"339,61",2026-03-23,2
Botafogo,"349,00",2026-03-25,2
Savassi,"0,97",2026-03-23,1
Savassi,"1,00",2026-03-23,1
Savassi,"3.599,50",2026-03-23,1
Savassi,"1,00",2026-03-23,1
Botafogo,"349,00",2026-03-24,2
Botafogo,"499,00",2026-03-24,2
Botafogo,"349,00",2026-03-23,2
Botafogo,"349,00",2026-03-23,2
Savassi,"0,97",2026-03-23,1
Savassi,"0,97",2026-03-23,1
Savassi,"0,97",2026-03-23,1
Savassi,"0,96",2026-03-23,1
Savassi,"0,97",2026-03-23,1
Savassi,"0,97",2026-03-23,1
Botafogo,"339,61",2026-03-24,2
Savassi,"0,97",2026-03-23,1
Savassi,"0,97",2026-03-23,1
Savassi,"0,97",2026-03-23,1
Savassi,"0,97",2026-03-23,1
Savassi,"0,97",2026-03-23,1
Savassi,"0,97",2026-03-23,1
Savassi,"0,97",2026-03-23,1
Botafogo,"84,90",2026-03-23,2
Savassi,"0,97",2026-03-23,1
Savassi,"0,97",2026-03-23,1
Savassi,"0,97",2026-03-23,1
Savassi,"0,97",2026-03-23,1
Savassi,"0,97",2026-03-23,1
Savassi,"0,97",2026-03-24,1
Botafogo,"499,00",2026-03-24,2
Botafogo,"349,00",2026-03-24,2
Savassi,"0,97",2026-03-24,1
Botafogo,"399,00",2026-03-24,2
Savassi,"0,97",2026-03-24,1
Savassi,"0,97",2026-03-24,1
Savassi,"0,97",2026-03-24,1
Savassi,"0,97",2026-03-24,1
Savassi,"0,97",2026-03-24,1
Savassi,"0,96",2026-03-24,1
Botafogo,"349,00",2026-03-24,2
Savassi,"84,66",2026-03-24,1
Savassi,"0,97",2026-03-24,1
Botafogo,"3.699,00",2026-03-24,2
Savassi,"0,97",2026-03-24,1
Savassi,"0,97",2026-03-24,1
Botafogo,"491,32",2026-03-26,2
Botafogo,"336,44",2026-03-25,2
Botafogo,"349,00",2026-03-25,2
Botafogo,"499,00",2026-03-25,2
Savassi,"0,97",2026-03-25,1
Botafogo,"499,00",2026-03-25,2
Botafogo,"10,69",2026-03-25,2
Botafogo,"349,00",2026-03-25,2
Savassi,"0,97",2026-03-25,1
Savassi,"0,97",2026-03-25,1
Savassi,"0,97",2026-03-25,1
Savassi,"0,97",2026-03-25,1
Savassi,"0,97",2026-03-25,1
Savassi,"0,97",2026-03-25,1
Savassi,"0,97",2026-03-25,1
Savassi,"0,97",2026-03-25,1
Savassi,"0,97",2026-03-25,1
Botafogo,"339,61",2026-03-25,2
Savassi,"1,00",2026-03-30,1
Botafogo,"349,00",2026-03-30,2
Savassi,"0,97",2026-03-26,1
Savassi,"0,97",2026-03-26,1
Savassi,"0,97",2026-03-26,1
Savassi,"0,97",2026-03-26,1
Botafogo,"84,90",2026-03-26,2
Savassi,"0,97",2026-03-26,1
Savassi,"0,97",2026-03-26,1
Savassi,"0,97",2026-03-26,1
Savassi,"0,97",2026-03-26,1
Savassi,"0,97",2026-03-26,1
Savassi,"0,96",2026-03-26,1
Savassi,"0,97",2026-03-26,1
Savassi,"0,97",2026-03-26,1
Savassi,"0,97",2026-03-26,1
Savassi,"0,97",2026-03-26,1
Savassi,"0,97",2026-03-26,1
Savassi,"0,97",2026-03-26,1
Savassi,"0,97",2026-03-26,1
Savassi,"0,97",2026-03-26,1
Savassi,"0,97",2026-03-27,1
Savassi,"0,97",2026-03-27,1
Savassi,"0,97",2026-03-27,1
Savassi,"0,97",2026-03-27,1
Botafogo,"339,61",2026-03-29,2
Savassi,"0,97",2026-03-27,1
Savassi,"0,97",2026-03-27,1
Savassi,"0,97",2026-03-27,1
Savassi,"0,97",2026-03-27,1
Savassi,"0,97",2026-03-27,1
Savassi,"0,97",2026-03-27,1
Savassi,"0,97",2026-03-27,1
Savassi,"0,97",2026-03-27,1
Savassi,"0,97",2026-03-27,1
Savassi,"0,97",2026-03-27,1
Savassi,"0,97",2026-03-27,1
Botafogo,"87,00",2026-03-27,2
Savassi,"0,97",2026-03-27,1
Savassi,"0,97",2026-03-27,1
Savassi,"0,97",2026-03-27,1
Savassi,"0,97",2026-03-27,1
Botafogo,"336,44",2026-03-30,2
Savassi,"0,97",2026-03-28,1
Botafogo,"349,00",2026-03-31,2
Botafogo,"349,00",2026-03-31,2
Botafogo,"499,00",2026-03-31,2
Savassi,"0,97",2026-03-29,1
Savassi,"0,97",2026-03-29,1
Savassi,"0,97",2026-03-29,1
Savassi,"0,97",2026-03-30,1
Botafogo,"349,00",2026-03-31,2
Savassi,"0,97",2026-03-30,1
Savassi,"485,58",2026-03-30,1
Savassi,"0,97",2026-03-30,1
Savassi,"0,97",2026-03-30,1
Savassi,"0,97",2026-03-30,1
Savassi,"0,97",2026-03-30,1
Savassi,"84,66",2026-03-30,1
Savassi,"252,03",2026-03-30,1
Savassi,"5,00",2026-03-31,1
Savassi,"485,26",2026-03-30,1
Savassi,"0,97",2026-03-30,1
Savassi,"534,07",2026-03-30,1
Savassi,"529,24",2026-03-31,1
Botafogo,"499,00",2026-03-31,2
Botafogo,"485,58",2026-03-31,2
Botafogo,"499,00",2026-03-31,2
Botafogo,"485,58",2026-03-31,2
Botafogo,"339,61",2026-03-31,2
Botafogo,"339,61",2026-04-24,2
Botafogo,"339,61",2026-04-24,2
Botafogo,"339,61",2026-04-24,2
Botafogo,"339,61",2026-04-24,2
Botafogo,"485,58",2026-04-24,2
Botafogo,"388,27",2026-04-24,2
Botafogo,"8,76",2026-04-24,2
Botafogo,"14,59",2026-04-24,2
Savassi,"32,17",2026-04-24,1
Savassi,"32,17",2026-04-24,1
Savassi,"32,17",2026-04-24,1
Savassi,"32,17",2026-04-24,1
Savassi,"32,17",2026-04-24,1
Savassi,"10,99",2026-04-24,1
Savassi,"32,17",2026-04-24,1
Savassi,"32,17",2026-04-24,1
Savassi,"32,17",2026-04-24,1
Savassi,"32,17",2026-04-24,1
Savassi,"32,17",2026-04-24,1
Savassi,"32,17",2026-04-24,1
Savassi,"32,17",2026-04-24,1
Savassi,"4,87",2026-04-24,1
Botafogo,"339,61",2026-04-25,2
Botafogo,"339,61",2026-04-25,2
Botafogo,"388,27",2026-04-25,2
Savassi,"3,89",2026-04-25,1
Savassi,"384,64",2026-04-25,1
Botafogo,"1,95",2026-04-25,2
Botafogo,"3,89",2026-04-25,2
Botafogo,"339,61",2026-04-25,2
Botafogo,"4,87",2026-04-25,2
Savassi,"388,27",2026-04-22,1
Savassi,"388,27",2026-04-22,1
Savassi,"388,27",2026-04-22,1
Savassi,"388,27",2026-04-22,1
Savassi,"388,27",2026-04-22,1
Savassi,"388,27",2026-04-22,1
Savassi,"388,27",2026-04-22,1
Savassi,"388,27",2026-04-22,1
Savassi,"388,27",2026-04-22,1
Savassi,"388,27",2026-04-22,1
Savassi,"388,27",2026-04-22,1
Botafogo,"388,27",2026-04-22,2
Botafogo,"339,61",2026-04-22,2
Botafogo,"339,61",2026-04-22,2
Botafogo,"339,61",2026-04-22,2
Botafogo,"339,61",2026-04-22,2
Botafogo,"339,61",2026-04-22,2
Botafogo,"339,61",2026-04-22,2
Botafogo,"339,61",2026-04-22,2
Botafogo,"339,61",2026-04-22,2
Botafogo,"339,61",2026-04-22,2
Botafogo,"388,27",2026-04-22,2
Botafogo,"339,61",2026-04-22,2
Savassi,"534,23",2026-04-22,1
Botafogo,"2,92",2026-04-22,2
Botafogo,"349,00",2026-04-22,2
Botafogo,"12,65",2026-04-22,2
Savassi,"14,60",2026-04-23,1
Savassi,"339,61",2026-04-23,1
Botafogo,"388,27",2026-04-23,2
Botafogo,"339,61",2026-04-23,2
Botafogo,"339,61",2026-04-23,2
Botafogo,"336,44",2026-04-23,2
Botafogo,"339,61",2026-04-23,2
Botafogo,"485,58",2026-04-23,2
Botafogo,"485,58",2026-04-23,2
Botafogo,"339,61",2026-04-23,2
Botafogo,"3,94",2026-04-23,2
Botafogo,"3,94",2026-04-23,2
Botafogo,"339,61",2026-04-23,2
Savassi,"3,89",2026-04-23,1
Savassi,"84,66",2026-04-01,1
Savassi,"84,66",2026-04-01,1
Savassi,"84,66",2026-04-01,1
Botafogo,"339,61",2026-04-01,2
Botafogo,"339,61",2026-04-01,2
Botafogo,"339,61",2026-04-01,2
Botafogo,"339,61",2026-04-01,2
Botafogo,"339,61",2026-04-01,2
Botafogo,"339,61",2026-04-01,2
Botafogo,"339,61",2026-04-01,2
Botafogo,"485,58",2026-04-01,2
Botafogo,"217,53",2026-04-01,2
Botafogo,"217,53",2026-04-01,2
Botafogo,"217,53",2026-04-01,2
Botafogo,"4,00",2026-04-01,2
Savassi,"10,99",2026-04-01,1
Savassi,"5,00",2026-04-01,1
Savassi,"3,89",2026-04-01,1
Botafogo,"49,61",2026-04-01,2
Botafogo,"8,76",2026-04-01,2
Botafogo,"4,92",2026-04-01,2
Botafogo,"12,00",2026-04-01,2
Botafogo,"68,12",2026-04-01,2
Botafogo,"339,61",2026-04-02,2
Botafogo,"339,61",2026-04-02,2
Botafogo,"339,61",2026-04-02,2
Botafogo,"339,61",2026-04-02,2
Savassi,"3,00",2026-04-02,1
Botafogo,"5,84",2026-04-02,2
Botafogo,"60,00",2026-04-02,2
Savassi,"3,89",2026-04-02,1
Botafogo,"58,39",2026-04-02,2
Savassi,"7,78",2026-04-02,1
Botafogo,"58,39",2026-04-03,2
Botafogo,"339,61",2026-04-03,2
Botafogo,"339,61",2026-04-03,2
Botafogo,"339,61",2026-04-03,2
Botafogo,"339,61",2026-04-03,2
Botafogo,"339,61",2026-04-03,2
Botafogo,"7,88",2026-04-03,2
Botafogo,"7,78",2026-04-03,2
Botafogo,"58,39",2026-04-03,2
Botafogo,"4,87",2026-04-03,2
Botafogo,"7,78",2026-04-04,2
Botafogo,"3,94",2026-04-04,2
Botafogo,"58,39",2026-04-04,2
Botafogo,"8,76",2026-04-04,2
Savassi,"2,92",2026-04-04,1
Savassi,"1,95",2026-04-04,1
Savassi,"3,89",2026-04-04,1
Botafogo,"339,61",2026-04-05,2
Botafogo,"339,61",2026-04-05,2
Botafogo,"339,61",2026-04-05,2
Botafogo,"339,61",2026-04-05,2
Botafogo,"339,61",2026-04-05,2
Botafogo,"339,61",2026-04-05,2
Botafogo,"339,61",2026-04-05,2
Botafogo,"339,61",2026-04-05,2
Savassi,"1,95",2026-04-04,1
Savassi,"9,85",2026-04-04,1
Botafogo,"339,61",2026-04-04,2
Botafogo,"339,61",2026-04-04,2
Botafogo,"339,61",2026-04-04,2
Botafogo,"58,39",2026-04-05,2
Savassi,"84,66",2026-04-06,1
Botafogo,"8,76",2026-04-06,2
Savassi,"3.699,00",2026-04-06,1
Botafogo,"244,72",2026-04-06,2
Botafogo,"244,72",2026-04-06,2
Botafogo,"244,72",2026-04-06,2
Botafogo,"339,61",2026-04-06,2
Botafogo,"339,61",2026-04-06,2
Botafogo,"339,61",2026-04-06,2
Botafogo,"339,61",2026-04-06,2
Botafogo,"339,61",2026-04-06,2
Savassi,"4.086,05",2026-04-06,1
Botafogo,"58,39",2026-04-06,2
Botafogo,"58,39",2026-04-06,2
Botafogo,"3.599,50",2026-04-06,2
Savassi,"2,00",2026-04-06,1
Botafogo,"17,51",2026-04-06,2
Savassi,"529,24",2026-04-06,1
Savassi,"3,89",2026-04-06,1
Botafogo,"3,89",2026-04-07,2
Botafogo,"339,61",2026-04-07,2
Botafogo,"67,78",2026-04-07,2
Botafogo,"67,78",2026-04-07,2
Botafogo,"67,78",2026-04-07,2
Botafogo,"67,78",2026-04-07,2
Botafogo,"67,78",2026-04-07,2
Botafogo,"3,89",2026-04-07,2
Botafogo,"4,00",2026-04-07,2
Savassi,"534,23",2026-04-07,1
Botafogo,"339,61",2026-04-09,2
Botafogo,"339,61",2026-04-09,2
Botafogo,"339,61",2026-04-09,2
Botafogo,"339,61",2026-04-09,2
Botafogo,"339,61",2026-04-09,2
Botafogo,"339,61",2026-04-09,2
Botafogo,"339,61",2026-04-09,2
Botafogo,"336,44",2026-04-09,2
Botafogo,"336,44",2026-04-09,2
Botafogo,"339,61",2026-04-09,2
Botafogo,"339,61",2026-04-09,2
Botafogo,"339,61",2026-04-09,2
Botafogo,"339,61",2026-04-09,2
Botafogo,"339,61",2026-04-09,2
Botafogo,"305,65",2026-04-09,2
Botafogo,"339,61",2026-04-09,2
Botafogo,"339,61",2026-04-09,2
Botafogo,"339,61",2026-04-09,2
Botafogo,"339,61",2026-04-09,2
Botafogo,"339,61",2026-04-09,2
Botafogo,"339,61",2026-04-09,2
Botafogo,"339,61",2026-04-09,2
Botafogo,"339,61",2026-04-09,2
Botafogo,"339,61",2026-04-09,2
Botafogo,"339,61",2026-04-09,2
Botafogo,"339,61",2026-04-09,2
Botafogo,"339,61",2026-04-09,2
Botafogo,"388,27",2026-04-09,2
Botafogo,"388,27",2026-04-09,2
Botafogo,"339,61",2026-04-09,2
Botafogo,"339,61",2026-04-09,2
Botafogo,"339,61",2026-04-09,2
Botafogo,"388,27",2026-04-09,2
Botafogo,"339,61",2026-04-09,2
Botafogo,"339,61",2026-04-09,2
Botafogo,"339,61",2026-04-09,2
Botafogo,"388,27",2026-04-09,2
Botafogo,"339,61",2026-04-09,2
Botafogo,"339,61",2026-04-09,2
Botafogo,"339,61",2026-04-09,2
Botafogo,"339,61",2026-04-09,2
Botafogo,"339,61",2026-04-09,2
Botafogo,"7,78",2026-04-07,2
Botafogo,"2,00",2026-04-07,2
Savassi,"4,00",2026-04-07,1
Savassi,"19,99",2026-04-07,1
Botafogo,"3,89",2026-04-08,2
Botafogo,"339,61",2026-04-08,2
Botafogo,"339,61",2026-04-08,2
Botafogo,"485,58",2026-04-08,2
Botafogo,"339,61",2026-04-08,2
Botafogo,"339,61",2026-04-08,2
Botafogo,"339,61",2026-04-08,2
Botafogo,"192,98",2026-04-08,2
Savassi,"4.086,05",2026-04-08,1
Botafogo,"485,58",2026-04-08,2
Botafogo,"3.599,50",2026-04-09,2
Botafogo,"4,00",2026-04-09,2
Botafogo,"4,00",2026-04-09,2
Botafogo,"10,99",2026-04-09,2
Savassi,"2,00",2026-04-09,1
Savassi,"5,00",2026-04-09,1
Savassi,"6,00",2026-04-09,1
Botafogo,"7,78",2026-04-10,2
Botafogo,"485,58",2026-04-10,2
Botafogo,"3,94",2026-04-10,2
Botafogo,"339,61",2026-04-10,2
Botafogo,"339,61",2026-04-10,2
Botafogo,"339,61",2026-04-10,2
Botafogo,"485,58",2026-04-10,2
Botafogo,"339,61",2026-04-10,2
Botafogo,"339,61",2026-04-10,2
Botafogo,"339,61",2026-04-10,2
Botafogo,"193,65",2026-04-10,2
Savassi,"255,01",2026-04-10,1
Savassi,"14,60",2026-04-10,1
Savassi,"2,00",2026-04-10,1
Savassi,"4,87",2026-04-10,1
Botafogo,"6,00",2026-04-10,2
Botafogo,"68,12",2026-04-10,2
Savassi,"10,69",2026-04-10,1
Botafogo,"15,00",2026-04-10,2
Botafogo,"58,39",2026-04-11,2
Botafogo,"339,61",2026-04-11,2
Botafogo,"388,27",2026-04-11,2
Botafogo,"339,61",2026-04-11,2
Botafogo,"388,27",2026-04-11,2
Botafogo,"339,61",2026-04-11,2
Botafogo,"388,27",2026-04-11,2
Botafogo,"388,27",2026-04-11,2
Botafogo,"485,58",2026-04-11,2
Botafogo,"336,44",2026-04-11,2
Botafogo,"339,61",2026-04-11,2
Botafogo,"339,61",2026-04-11,2
Botafogo,"339,61",2026-04-11,2
Botafogo,"339,61",2026-04-11,2
Botafogo,"3,89",2026-04-11,2
Botafogo,"14,77",2026-04-11,2
Botafogo,"3,89",2026-04-08,2
Savassi,"14,99",2026-04-08,1
Botafogo,"14,76",2026-04-08,2
Savassi,"14,59",2026-04-08,1
Savassi,"1,95",2026-04-11,1
Botafogo,"58,39",2026-04-11,2
Botafogo,"339,61",2026-04-12,2
Botafogo,"339,61",2026-04-12,2
Botafogo,"339,61",2026-04-12,2
Botafogo,"339,61",2026-04-12,2
Botafogo,"339,61",2026-04-12,2
Botafogo,"232,57",2026-04-12,2
Botafogo,"339,61",2026-04-13,2
Botafogo,"339,61",2026-04-13,2
Botafogo,"339,61",2026-04-13,2
Botafogo,"339,61",2026-04-13,2
Botafogo,"339,61",2026-04-13,2
Botafogo,"3,89",2026-04-13,2
Savassi,"2,00",2026-04-13,1
Savassi,"529,24",2026-04-13,1
Botafogo,"8,76",2026-04-13,2
Botafogo,"8,76",2026-04-13,2
Botafogo,"84,90",2026-04-14,2
Botafogo,"10,99",2026-04-14,2
Botafogo,"58,39",2026-04-14,2
Botafogo,"3,89",2026-04-14,2
Botafogo,"388,27",2026-04-14,2
Botafogo,"485,58",2026-04-14,2
Botafogo,"388,27",2026-04-14,2
Botafogo,"339,61",2026-04-14,2
Botafogo,"272,47",2026-04-14,2
Botafogo,"84,66",2026-04-14,2
Savassi,"2,00",2026-04-14,1
Botafogo,"10,69",2026-04-14,2
Savassi,"1,95",2026-04-14,1
Botafogo,"3,94",2026-04-14,2
Botafogo,"388,27",2026-04-15,2
Botafogo,"388,27",2026-04-15,2
Botafogo,"388,27",2026-04-15,2
Botafogo,"339,61",2026-04-15,2
Botafogo,"388,27",2026-04-15,2
Botafogo,"339,61",2026-04-15,2
Botafogo,"339,61",2026-04-15,2
Botafogo,"339,61",2026-04-15,2
Botafogo,"339,61",2026-04-15,2
Botafogo,"339,61",2026-04-15,2
Botafogo,"339,61",2026-04-15,2
Botafogo,"339,61",2026-04-15,2
Botafogo,"388,27",2026-04-15,2
Botafogo,"388,27",2026-04-15,2
Botafogo,"339,61",2026-04-15,2
Botafogo,"339,61",2026-04-15,2
Botafogo,"2,92",2026-04-15,2
Savassi,"84,66",2026-04-14,1
Botafogo,"3,89",2026-04-15,2
Botafogo,"339,61",2026-04-25,2
Botafogo,"339,61",2026-04-26,2
Botafogo,"339,61",2026-04-26,2
Botafogo,"339,61",2026-04-26,2
Botafogo,"339,61",2026-04-26,2
Botafogo,"339,61",2026-04-26,2
Botafogo,"339,61",2026-04-26,2
Botafogo,"3,89",2026-04-26,2
Savassi,"3,89",2026-04-26,1
Botafogo,"12,80",2026-04-26,2
Savassi,"388,27",2026-04-26,1
Savassi,"485,58",2026-04-27,1
Botafogo,"1,95",2026-04-27,2
Botafogo,"8,76",2026-04-27,2
Botafogo,"271,69",2026-04-27,2
Botafogo,"271,69",2026-04-27,2
Botafogo,"339,61",2026-04-27,2
Botafogo,"339,61",2026-04-27,2
Botafogo,"339,61",2026-04-27,2
Botafogo,"339,61",2026-04-27,2
Botafogo,"485,58",2026-04-27,2
Botafogo,"485,58",2026-04-27,2
Botafogo,"339,61",2026-04-27,2
Botafogo,"339,61",2026-04-27,2
Botafogo,"485,58",2026-04-27,2
Botafogo,"339,61",2026-04-27,2
Botafogo,"339,61",2026-04-27,2
Botafogo,"388,27",2026-04-27,2
Savassi,"1,95",2026-04-27,1
Botafogo,"339,61",2026-04-27,2
Botafogo,"339,61",2026-04-27,2
Botafogo,"3,89",2026-04-27,2
Savassi,"4,00",2026-04-28,1
Botafogo,"8,86",2026-04-15,2
Botafogo,"14,59",2026-04-15,2
Savassi,"4,00",2026-04-15,1
Savassi,"7,78",2026-04-15,1
Savassi,"4,00",2026-04-15,1
Botafogo,"8,76",2026-04-15,2
Botafogo,"339,61",2026-04-15,2
Botafogo,"8,86",2026-04-16,2
Botafogo,"142,75",2026-04-16,2
Botafogo,"142,75",2026-04-16,2
Botafogo,"142,75",2026-04-16,2
Botafogo,"142,75",2026-04-16,2
Savassi,"529,24",2026-04-16,1
Botafogo,"3,89",2026-04-16,2
Botafogo,"14,76",2026-04-16,2
Savassi,"88,86",2026-04-16,1
Savassi,"88,86",2026-04-16,1
Savassi,"88,86",2026-04-16,1
Savassi,"88,86",2026-04-16,1
Savassi,"88,86",2026-04-16,1
Savassi,"88,86",2026-04-16,1
Botafogo,"3,89",2026-04-17,2
Botafogo,"4,87",2026-04-17,2
Botafogo,"4,87",2026-04-17,2
Savassi,"4,00",2026-04-17,1
Botafogo,"8,76",2026-04-17,2
Savassi,"7,78",2026-04-18,1
Savassi,"5,00",2026-04-18,1
Botafogo,"336,44",2026-04-18,2
Botafogo,"339,61",2026-04-18,2
Botafogo,"254,71",2026-04-18,2
Botafogo,"254,71",2026-04-18,2
Botafogo,"254,71",2026-04-18,2
Botafogo,"254,71",2026-04-18,2
Botafogo,"339,61",2026-04-18,2
Botafogo,"485,58",2026-04-18,2
Botafogo,"339,61",2026-04-18,2
Botafogo,"339,61",2026-04-18,2
Botafogo,"485,58",2026-04-18,2
Botafogo,"485,58",2026-04-18,2
Botafogo,"3.599,50",2026-04-18,2
Savassi,"4,87",2026-04-18,1
Botafogo,"58,39",2026-04-19,2
Botafogo,"58,39",2026-04-19,2
Botafogo,"339,61",2026-04-19,2
Botafogo,"339,61",2026-04-19,2
Botafogo,"339,61",2026-04-19,2
Botafogo,"339,61",2026-04-19,2
Botafogo,"339,61",2026-04-19,2
Savassi,"5,00",2026-04-19,1
Botafogo,"3.599,50",2026-04-19,2
Savassi,"1,95",2026-04-19,1
Botafogo,"9,00",2026-04-16,2
Botafogo,"339,61",2026-04-17,2
Botafogo,"339,61",2026-04-17,2
Botafogo,"339,61",2026-04-17,2
Botafogo,"339,61",2026-04-17,2
Botafogo,"3,89",2026-04-17,2
Savassi,"14,60",2026-04-17,1
Botafogo,"14,59",2026-04-17,2
Savassi,"3,89",2026-04-17,1
Botafogo,"339,61",2026-04-16,2
Botafogo,"336,44",2026-04-16,2
Botafogo,"339,61",2026-04-16,2
Botafogo,"14,76",2026-04-15,2
Botafogo,"58,39",2026-04-16,2
Savassi,"7,78",2026-04-19,1
Botafogo,"8,76",2026-04-20,2
Botafogo,"2,92",2026-04-20,2
Savassi,"3,94",2026-04-20,1
Botafogo,"485,58",2026-04-20,2
Botafogo,"17,52",2026-04-20,2
Botafogo,"339,61",2026-04-21,2
Botafogo,"339,61",2026-04-21,2
Botafogo,"485,58",2026-04-21,2
Botafogo,"485,58",2026-04-21,2
Botafogo,"339,61",2026-04-21,2
Savassi,"446,65",2026-04-21,1
Savassi,"446,65",2026-04-21,1
Savassi,"14,60",2026-04-21,1
Botafogo,"23,35",2026-04-21,2
Savassi,"5,00",2026-04-22,1
Botafogo,"339,61",2026-04-20,2
Botafogo,"339,61",2026-04-20,2
Botafogo,"57,41",2026-04-20,2
Botafogo,"8,76",2026-04-22,2
Savassi,"252,03",2026-04-28,1
Savassi,"4,87",2026-04-28,1
Savassi,"10,69",2026-04-28,1
Savassi,"388,27",2026-04-29,1
Savassi,"388,27",2026-04-29,1
Savassi,"388,27",2026-04-29,1
Botafogo,"485,58",2026-04-29,2
Botafogo,"339,61",2026-04-29,2
Botafogo,"8,76",2026-04-29,2
Botafogo,"1,95",2026-04-29,2
Botafogo,"2,95",2026-04-29,2
Savassi,"388,27",2026-04-29,1
Botafogo,"3,89",2026-04-29,2
Botafogo,"8,76",2026-04-29,2
Botafogo,"7,78",2026-04-29,2
Botafogo,"10,69",2026-04-29,2
Botafogo,"8,86",2026-04-29,2
Botafogo,"7,78",2026-04-30,2
Botafogo,"15,00",2026-04-30,2
Savassi,"388,27",2026-04-30,1
Savassi,"388,27",2026-04-30,1
Savassi,"388,27",2026-04-30,1
Savassi,"529,24",2026-04-30,1
Savassi,"388,27",2026-04-30,1
Savassi,"388,27",2026-04-30,1
Savassi,"388,27",2026-04-30,1
Savassi,"388,27",2026-04-30,1
Savassi,"388,27",2026-04-30,1
Savassi,"388,27",2026-04-30,1
Savassi,"485,58",2026-04-30,1
Botafogo,"3,94",2026-04-30,2
Savassi,"3,94",2026-04-29,1
Savassi,"15,57",2026-04-29,1
Savassi,"4,00",2026-04-30,1
Savassi,"349,44",2026-04-30,1
Botafogo,"3,89",2026-04-30,2
Botafogo,"2,92",2026-04-30,2
Savassi,"3,89",2026-04-30,1
Botafogo,"349,00",2026-04-01,2
Botafogo,"349,00",2026-04-01,2
Botafogo,"349,00",2026-04-01,2
Botafogo,"499,00",2026-04-01,2
Botafogo,"349,00",2026-04-02,2
Botafogo,"339,61",2026-04-01,2
Botafogo,"339,61",2026-04-02,2
Botafogo,"349,00",2026-04-02,2
Botafogo,"349,00",2026-04-02,2
Botafogo,"349,00",2026-04-07,2
Botafogo,"339,61",2026-04-06,2
Botafogo,"349,00",2026-04-06,2
Botafogo,"339,61",2026-04-03,2
Savassi,"534,23",2026-04-02,1
Savassi,,2026-04-02,1
Botafogo,"485,58",2026-04-04,2
Botafogo,"271,13",2026-04-02,2
Botafogo,"271,13",2026-04-02,2
Savassi,"534,23",2026-04-02,1
Botafogo,"349,00",2026-04-07,2
Botafogo,"339,61",2026-04-04,2
Savassi,"4.199,00",2026-04-06,1
Botafogo,"339,61",2026-04-04,2
Botafogo,"349,00",2026-04-06,2
Botafogo,"499,00",2026-04-06,2
Botafogo,"349,00",2026-04-06,2
Botafogo,"485,58",2026-04-06,2
Botafogo,"349,00",2026-04-06,2
Savassi,"10,00",2026-04-05,1
Botafogo,"349,00",2026-04-06,2
Botafogo,"1,00",2026-04-08,2
Botafogo,"349,00",2026-04-07,2
Botafogo,"349,00",2026-04-07,2
Botafogo,"349,00",2026-04-07,2
Botafogo,"349,00",2026-04-07,2
Botafogo,"499,00",2026-04-07,2
Botafogo,"349,00",2026-04-07,2
Botafogo,"485,58",2026-04-06,2
Botafogo,"3.699,00",2026-04-06,2
Savassi,"84,66",2026-04-06,1
Savassi,"84,66",2026-04-06,1
Savassi,"84,66",2026-04-08,1
Botafogo,"1,00",2026-04-07,2
Botafogo,"349,00",2026-04-07,2
Botafogo,"339,61",2026-04-13,2
Botafogo,"339,61",2026-04-07,2
Botafogo,"349,00",2026-04-08,2
Botafogo,"349,00",2026-04-08,2
Botafogo,"339,61",2026-04-07,2
Botafogo,"339,61",2026-04-07,2
Botafogo,"349,00",2026-04-08,2
Savassi,"534,23",2026-04-07,1
Savassi,"534,23",2026-04-07,1
Botafogo,"339,61",2026-04-09,2
Botafogo,"349,00",2026-04-14,2
Botafogo,"499,00",2026-04-08,2
Botafogo,"485,58",2026-04-08,2
Botafogo,"271,69",2026-04-08,2
Savassi,"69,00",2026-04-09,1
Botafogo,"349,00",2026-04-10,2
Botafogo,"336,44",2026-04-09,2
Botafogo,"349,00",2026-04-10,2
Botafogo,"399,00",2026-04-14,2
Botafogo,"399,00",2026-04-10,2
Botafogo,"349,00",2026-04-10,2
Botafogo,"3.583,31",2026-04-10,2
Botafogo,"499,00",2026-04-15,2
Botafogo,"349,00",2026-04-13,2
Botafogo,"399,00",2026-04-14,2
Botafogo,"499,00",2026-04-14,2
Botafogo,"349,00",2026-04-13,2
Botafogo,"399,00",2026-04-13,2
Savassi,"84,66",2026-04-11,1
Botafogo,"349,00",2026-04-13,2
Botafogo,"349,00",2026-04-13,2
Botafogo,"499,00",2026-04-13,2
Botafogo,"485,58",2026-04-13,2
Botafogo,"349,00",2026-04-13,2
Botafogo,"485,58",2026-04-13,2
Botafogo,"339,61",2026-04-14,2
Botafogo,"349,00",2026-04-14,2
Botafogo,"349,00",2026-04-14,2
Botafogo,"343,63",2026-04-13,2
Botafogo,"349,00",2026-04-14,2
Botafogo,"485,58",2026-04-13,2
Botafogo,"349,00",2026-04-13,2
Botafogo,"339,61",2026-04-14,2
Botafogo,"339,61",2026-04-13,2
Savassi,"84,66",2026-04-13,1
Botafogo,"399,00",2026-04-14,2
Botafogo,"339,61",2026-04-14,2
Savassi,"84,66",2026-04-15,1
Botafogo,"10,69",2026-04-14,2
Botafogo,"399,00",2026-04-14,2
Botafogo,"388,27",2026-04-14,2
Botafogo,"399,00",2026-04-14,2
Botafogo,"349,00",2026-04-15,2
Botafogo,"388,27",2026-04-15,2
Botafogo,"339,61",2026-04-16,2
Botafogo,"349,00",2026-04-14,2
Botafogo,"158,16",2026-04-14,2
Botafogo,"158,16",2026-04-14,2
Botafogo,"158,15",2026-04-14,2
Botafogo,"388,27",2026-04-14,2
Botafogo,"388,27",2026-04-14,2
Botafogo,"339,61",2026-04-14,2
Botafogo,"155,31",2026-04-15,2
Savassi,"529,24",2026-04-15,1
Botafogo,"349,00",2026-04-16,2
Botafogo,"349,00",2026-04-15,2
Botafogo,"271,69",2026-04-15,2
Botafogo,"339,61",2026-04-15,2
Botafogo,"499,00",2026-04-20,2
Botafogo,"339,61",2026-04-15,2
Savassi,"69,00",2026-04-15,1
Botafogo,"339,61",2026-04-16,2
Botafogo,"485,58",2026-04-16,2
Botafogo,"349,00",2026-04-16,2
Savassi,"1,95",2026-04-16,1
Botafogo,"349,00",2026-04-19,2
Botafogo,"339,61",2026-04-19,2
Savassi,"462,00",2026-04-17,1
Botafogo,"339,61",2026-04-17,2
Botafogo,"3,89",2026-04-17,2
Botafogo,"349,00",2026-04-19,2
Botafogo,"349,00",2026-04-29,2
Botafogo,"180,75",2026-04-20,2
Botafogo,"180,75",2026-04-20,2
Botafogo,"180,76",2026-04-20,2
Botafogo,"349,00",2026-04-22,2
Savassi,"5,00",2026-04-22,1
Botafogo,"339,61",2026-04-23,2
Botafogo,"339,61",2026-04-27,2
Botafogo,"349,00",2026-04-22,2
Savassi,"534,23",2026-04-22,1
Botafogo,"343,63",2026-04-22,2
Botafogo,"499,00",2026-04-24,2
Botafogo,"339,61",2026-04-25,2
Botafogo,"4,92",2026-04-23,2
Savassi,"349,44",2026-04-23,1
Savassi,"349,44",2026-04-23,1
Savassi,"349,44",2026-04-23,1
Savassi,"349,44",2026-04-23,1
Botafogo,"336,44",2026-04-27,2
Botafogo,"485,58",2026-04-24,2
Savassi,"349,44",2026-04-24,1
Savassi,"349,44",2026-04-24,1
Savassi,"349,44",2026-04-24,1
Botafogo,"349,00",2026-04-27,2
Botafogo,"349,00",2026-04-27,2
Botafogo,"339,61",2026-04-25,2
Botafogo,"349,00",2026-04-27,2
Savassi,"534,23",2026-04-26,1
Botafogo,"349,00",2026-04-27,2
Botafogo,"339,61",2026-04-30,2
Botafogo,"349,00",2026-04-28,2
Botafogo,"339,61",2026-04-28,2
Botafogo,"343,63",2026-04-27,2
Botafogo,"349,00",2026-04-29,2
Savassi,"388,27",2026-04-27,1
Botafogo,"336,44",2026-04-30,2
Savassi,"349,44",2026-04-28,1
Botafogo,"349,00",2026-04-28,2
Savassi,"549,00",2026-04-28,1
Botafogo,"349,00",2026-04-29,2
Botafogo,"499,00",2026-04-30,2
Botafogo,"349,00",2026-04-30,2
Botafogo,"343,63",2026-04-30,2
Botafogo,"339,61",2026-04-30,2
Botafogo,"349,00",2026-04-29,2
Botafogo,"349,00",2026-04-29,2
Savassi,"446,65",2026-04-29,1
Savassi,"3.737,95",2026-04-30,1
Botafogo,"271,69",2026-04-30,2
Savassi,"388,27",2026-05-06,1
Savassi,"388,27",2026-05-06,1
Savassi,"534,23",2026-05-06,1
Savassi,"534,23",2026-05-06,1
Savassi,"534,23",2026-05-06,1
Botafogo,"339,61",2026-05-06,2
Botafogo,"339,61",2026-05-06,2
Botafogo,"339,61",2026-05-06,2
Botafogo,"339,61",2026-05-06,2
Botafogo,"339,61",2026-05-06,2
Botafogo,"14,77",2026-05-06,2
Botafogo,"3,86",2026-05-06,2
Botafogo,"339,61",2026-05-06,2
Botafogo,"3.599,50",2026-05-06,2
Botafogo,"6,00",2026-05-06,2
Botafogo,"336,44",2026-05-06,2
Savassi,"3,89",2026-05-06,1
Botafogo,"339,61",2026-05-07,2
Botafogo,"485,58",2026-05-07,2
Botafogo,"485,58",2026-05-07,2
Botafogo,"339,61",2026-05-07,2
Botafogo,"3,89",2026-05-07,2
Botafogo,"7,78",2026-05-07,2
Savassi,"22,37",2026-05-06,1
Botafogo,"339,61",2026-05-06,2
Botafogo,"17,71",2026-05-06,2
Botafogo,"339,61",2026-05-06,2
Botafogo,"3,89",2026-05-07,2
Botafogo,"3,89",2026-05-07,2
Savassi,"10,69",2026-05-07,1
Savassi,"2,92",2026-05-07,1
Botafogo,"7,78",2026-05-07,2
Botafogo,"60,00",2026-05-07,2
Savassi,"5,00",2026-05-07,1
Botafogo,"10,69",2026-05-06,2
Savassi,"1,95",2026-05-06,1
Savassi,"388,27",2026-05-01,1
Savassi,"388,27",2026-05-01,1
Savassi,"485,58",2026-05-01,1
Savassi,"388,27",2026-05-01,1
Savassi,"534,23",2026-05-01,1
Savassi,"534,23",2026-05-01,1
Botafogo,"3,89",2026-05-01,2
Botafogo,"8,76",2026-05-01,2
Botafogo,"339,61",2026-05-01,2
Botafogo,"339,61",2026-05-01,2
Botafogo,"339,61",2026-05-01,2
Botafogo,"339,61",2026-05-01,2
Botafogo,"339,61",2026-05-01,2
Botafogo,"339,61",2026-05-01,2
Botafogo,"339,61",2026-05-01,2
Botafogo,"339,61",2026-05-01,2
Botafogo,"339,61",2026-05-01,2
Botafogo,"339,61",2026-05-01,2
Botafogo,"485,58",2026-05-01,2
Botafogo,"3,94",2026-05-01,2
Savassi,"5,00",2026-05-01,1
Botafogo,"8,76",2026-05-01,2
Savassi,"14,59",2026-05-01,1
Botafogo,"339,61",2026-05-01,2
Botafogo,"14,59",2026-05-01,2
Botafogo,"339,61",2026-05-01,2
Botafogo,"57,41",2026-05-02,2
Botafogo,"339,61",2026-05-02,2
Botafogo,"339,61",2026-05-02,2
Botafogo,"339,61",2026-05-02,2
Botafogo,"3.599,50",2026-05-02,2
Savassi,"67,14",2026-05-02,1
Botafogo,"3,89",2026-05-02,2
Botafogo,"3.599,50",2026-05-02,2
Botafogo,"2,92",2026-05-02,2
Botafogo,"339,61",2026-05-02,2
Savassi,"67,14",2026-05-03,1
Botafogo,"339,61",2026-05-03,2
Botafogo,"339,61",2026-05-03,2
Botafogo,"339,61",2026-05-03,2
Botafogo,"339,61",2026-05-03,2
Botafogo,"339,61",2026-05-03,2
Botafogo,"339,61",2026-05-03,2
Savassi,"3,89",2026-05-03,1
Botafogo,"8,76",2026-05-04,2
Botafogo,"339,61",2026-05-04,2
Botafogo,"339,61",2026-05-04,2
Botafogo,"10,69",2026-05-04,2
Botafogo,"8,76",2026-05-04,2
Savassi,"4,00",2026-05-04,1
Botafogo,"8,76",2026-05-04,2
Botafogo,"485,58",2026-05-04,2
Savassi,"388,27",2026-05-05,1
Savassi,"388,27",2026-05-05,1
Botafogo,"339,61",2026-05-05,2
Botafogo,"339,61",2026-05-05,2
Botafogo,"339,61",2026-05-05,2
Botafogo,"339,61",2026-05-05,2
Botafogo,"339,61",2026-05-05,2
Botafogo,"339,61",2026-05-05,2
Botafogo,"485,58",2026-05-05,2
Botafogo,"339,61",2026-05-05,2
Botafogo,"3,00",2026-05-04,2
Botafogo,"3,89",2026-05-05,2
Botafogo,"7,78",2026-05-05,2
Botafogo,"8,76",2026-05-05,2
Savassi,"534,23",2026-05-05,1
Savassi,"3,89",2026-05-05,1
Savassi,"534,23",2026-05-05,1
Botafogo,"339,61",2026-05-05,2
Botafogo,"3,89",2026-05-07,2
Botafogo,"19,68",2026-05-07,2
Botafogo,"3,94",2026-05-07,2
Botafogo,"15,00",2026-05-07,2
Botafogo,"68,12",2026-05-07,2
Botafogo,"339,61",2026-05-08,2
Botafogo,"339,61",2026-05-08,2
Botafogo,"485,58",2026-05-08,2
Botafogo,"339,61",2026-05-08,2
Botafogo,"339,61",2026-05-08,2
Savassi,"534,23",2026-05-08,1
Savassi,"388,27",2026-05-08,1
Botafogo,"17,51",2026-05-08,2
Botafogo,"8,00",2026-05-08,2
Botafogo,"10,82",2026-05-08,2
Botafogo,"339,61",2026-05-09,2
Botafogo,"339,61",2026-05-09,2
Botafogo,"339,61",2026-05-09,2
Botafogo,"339,61",2026-05-09,2
Botafogo,"339,61",2026-05-09,2
Botafogo,"339,61",2026-05-09,2
Botafogo,"336,44",2026-05-09,2
Botafogo,"336,44",2026-05-09,2
Botafogo,"339,61",2026-05-09,2
Botafogo,"339,61",2026-05-09,2
Botafogo,"339,61",2026-05-09,2
Botafogo,"339,61",2026-05-09,2
Botafogo,"305,65",2026-05-09,2
Botafogo,"339,61",2026-05-09,2
Botafogo,"339,61",2026-05-09,2
Botafogo,"339,61",2026-05-09,2
Botafogo,"339,61",2026-05-09,2
Botafogo,"339,61",2026-05-09,2
Botafogo,"339,61",2026-05-09,2
Botafogo,"339,61",2026-05-09,2
Botafogo,"339,61",2026-05-09,2
Botafogo,"339,61",2026-05-09,2
Botafogo,"339,61",2026-05-09,2
Botafogo,"336,44",2026-05-09,2
Botafogo,"339,61",2026-05-09,2
Botafogo,"339,61",2026-05-09,2
Botafogo,"388,27",2026-05-09,2
Botafogo,"388,27",2026-05-09,2
Botafogo,"388,27",2026-05-09,2
Botafogo,"339,61",2026-05-09,2
Botafogo,"339,61",2026-05-09,2
Botafogo,"388,27",2026-05-09,2
Botafogo,"388,27",2026-05-09,2
Botafogo,"339,61",2026-05-09,2
Botafogo,"339,61",2026-05-09,2
Botafogo,"339,61",2026-05-09,2
Botafogo,"388,27",2026-05-09,2
Botafogo,"339,61",2026-05-09,2
Botafogo,"339,61",2026-05-09,2
Botafogo,"19,99",2026-05-09,2
Botafogo,"8,76",2026-05-09,2
Savassi,"67,14",2026-05-09,1
Savassi,"67,14",2026-05-10,1
Savassi,"388,27",2026-05-10,1
Botafogo,"339,61",2026-05-10,2
Botafogo,"339,61",2026-05-10,2
Botafogo,"339,61",2026-05-10,2
Botafogo,"485,58",2026-05-10,2
Botafogo,"339,61",2026-05-10,2
Botafogo,"339,61",2026-05-10,2
Botafogo,"339,61",2026-05-10,2
Botafogo,"7,78",2026-05-10,2
Savassi,"67,14",2026-05-10,1
Botafogo,"339,61",2026-05-11,2
Botafogo,"388,27",2026-05-11,2
Botafogo,"388,27",2026-05-11,2
Botafogo,"339,61",2026-05-11,2
Botafogo,"339,61",2026-05-11,2
Botafogo,"388,27",2026-05-11,2
Botafogo,"388,27",2026-05-11,2
Botafogo,"388,27",2026-05-11,2
Botafogo,"485,58",2026-05-11,2
Botafogo,"336,44",2026-05-11,2
Botafogo,"339,61",2026-05-11,2
Botafogo,"8,76",2026-05-13,2
Botafogo,"339,61",2026-05-13,2
Botafogo,"339,61",2026-05-13,2
Botafogo,"339,61",2026-05-13,2
Botafogo,"339,61",2026-05-13,2
Botafogo,"271,69",2026-05-05,2
Botafogo,"2,00",2026-05-05,2
Botafogo,"271,69",2026-05-05,2
Botafogo,"339,61",2026-05-08,2
Savassi,"10,99",2026-05-13,1
Botafogo,"3,89",2026-05-13,2
Botafogo,"3,89",2026-05-13,2
Botafogo,"2,95",2026-05-13,2
Botafogo,"11,67",2026-05-13,2
Savassi,"2,00",2026-05-13,1
Savassi,"3,00",2026-05-13,1
Botafogo,"3,00",2026-05-13,2
Botafogo,"10,69",2026-05-13,2
Botafogo,"4,00",2026-05-13,2
Savassi,"4,00",2026-05-13,1
Botafogo,"4,92",2026-05-13,2
Botafogo,"7,78",2026-05-13,2
Botafogo,"7,88",2026-05-13,2
Botafogo,"339,61",2026-05-11,2
Botafogo,"339,61",2026-05-11,2
Botafogo,"14,59",2026-05-11,2
Botafogo,"9,00",2026-05-11,2
Botafogo,"485,58",2026-05-11,2
Savassi,"5,00",2026-05-11,1
Botafogo,"3,86",2026-05-11,2
Savassi,"4,92",2026-05-11,1
Savassi,"14,60",2026-05-11,1
Savassi,"14,59",2026-05-11,1
Botafogo,"8,76",2026-05-11,2
Botafogo,"339,61",2026-05-12,2
Botafogo,"339,61",2026-05-12,2
Botafogo,"485,58",2026-05-12,2
Botafogo,"485,58",2026-05-12,2
Botafogo,"339,61",2026-05-12,2
Botafogo,"4,00",2026-05-11,2
Savassi,"388,27",2026-05-12,1
Botafogo,"14,59",2026-05-12,2
Savassi,"1,95",2026-05-12,1
Savassi,"2,92",2026-05-12,1
Savassi,"3,94",2026-05-12,1
Savassi,"2,95",2026-05-12,1
Botafogo,"3,89",2026-05-12,2
Botafogo,"3,94",2026-05-12,2
Botafogo,"3,89",2026-05-12,2
Botafogo,"339,61",2026-05-12,2
Savassi,"3,89",2026-05-12,1
Botafogo,"14,59",2026-05-12,2
Savassi,"388,27",2026-05-13,1
Savassi,"399,00",2026-05-13,1
Botafogo,"499,00",2026-05-05,2
Botafogo,"339,61",2026-05-01,2
Botafogo,"336,44",2026-05-01,2
Botafogo,"349,00",2026-05-05,2
Botafogo,"338,91",2026-05-12,2
Botafogo,"338,91",2026-05-12,2
Botafogo,"339,61",2026-05-01,2
Botafogo,"349,00",2026-05-05,2
Botafogo,"339,61",2026-05-04,2
Botafogo,"349,00",2026-05-05,2
Botafogo,"679,22",2026-05-03,2
Botafogo,"349,00",2026-05-05,2
Botafogo,"1,00",2026-05-05,2
Botafogo,"3.337,66",2026-05-04,2
Savassi,"388,27",2026-05-06,1
Botafogo,"349,00",2026-05-06,2
Botafogo,"1,00",2026-05-06,2
Botafogo,"349,00",2026-05-05,2
Botafogo,"349,00",2026-05-06,2
Botafogo,"349,00",2026-05-06,2
Botafogo,"499,00",2026-05-06,2
Botafogo,"349,00",2026-05-11,2
Botafogo,"349,00",2026-05-11,2
Botafogo,"271,69",2026-05-05,2
Botafogo,"271,69",2026-05-06,2
Botafogo,"499,00",2026-05-08,2
Botafogo,"349,00",2026-05-11,2
Botafogo,"339,61",2026-05-07,2
Botafogo,"339,61",2026-05-07,2
Savassi,"388,27",2026-05-06,1
Savassi,"96,34",2026-05-06,1
Savassi,"399,00",2026-05-06,1
Savassi,"388,27",2026-05-06,1
Savassi,"4,00",2026-05-07,1
Botafogo,"349,00",2026-05-07,2
Botafogo,"244,30",2026-05-07,2
Botafogo,"244,30",2026-05-07,2
Botafogo,"339,61",2026-05-07,2
Botafogo,"237,24",2026-05-07,2
Botafogo,"237,24",2026-05-07,2
Savassi,"194,13",2026-05-08,1
Botafogo,"174,50",2026-05-08,2
Botafogo,"174,50",2026-05-08,2
Botafogo,"169,81",2026-05-08,2
Botafogo,"349,00",2026-05-11,2
Botafogo,"339,61",2026-05-11,2
Botafogo,"349,00",2026-05-11,2
Botafogo,"3,00",2026-05-09,2
Savassi,"388,27",2026-05-11,1
Botafogo,"339,61",2026-05-11,2
Botafogo,"349,00",2026-05-11,2
Botafogo,"339,61",2026-05-12,2
Botafogo,"349,00",2026-05-12,2
Botafogo,"349,00",2026-05-11,2
Botafogo,"339,61",2026-05-12,2
Botafogo,"8,86",2026-05-11,2
Botafogo,"339,61",2026-05-11,2
Botafogo,"349,00",2026-05-13,2
Botafogo,"349,00",2026-05-13,2
Botafogo,"491,32",2026-05-13,2
Savassi,"534,23",2026-05-12,1
Botafogo,"499,00",2026-05-12,2
Botafogo,"339,61",2026-05-13,2
Botafogo,"77,65",2026-05-12,2
Botafogo,"77,65",2026-05-12,2
Savassi,"388,27",2026-05-13,1
